tax_identifier,average,AsnicarF_2017,AsnicarF_2021,BackhedF_2015,Bengtsson-PalmeJ_2015,ChuDM_2017,CosteaPI_2017,DavidLA_2015,DeFilippisF_2019,DhakanDB_2019,FengQ_2015,FerrettiP_2018,GuptaA_2019,HMP_2012,HMP_2019_ibdmdb,HMP_2019_t2d,HallAB_2017,HanniganGD_2017,HansenLBS_2018,Heitz-BuschartA_2016,IjazUZ_2017,JieZ_2017,KarlssonFH_2013,KeohaneDM_2020,LeChatelierE_2013,LiJ_2014,LiJ_2017,LiSS_2016,LifeLinesDeep_2016,LiuW_2016,LouisS_2016,MehtaRS_2018,NagySzakalD_2017,NielsenHB_2014,Obregon-TitoAJ_2015,QinJ_2012,QinN_2014,RampelliS_2015,RaymondF_2016,SankaranarayananK_2015,SchirmerM_2016,ShaoY_2019,ThomasAM_2018a,ThomasAM_2018b,ThomasAM_2019_c,VincentC_2016,VogtmannE_2016,WampachL_2018,WirbelJ_2018,XieH_2016,YachidaS_2019,YassourM_2016,YassourM_2018,YeZ_2018,YuJ_2015,ZeeviD_2015,ZellerG_2014,ZhuF_2020
Bacteroidales,41.30966924093507,45.268438749999994,44.9205645072993,37.69783656565656,62.32120128571426,51.738188,44.7255598814229,50.173942499999995,44.50126412371133,57.99317318181818,8.859559375,28.95014434782609,65.66545566666666,79.15584841379311,64.01229561643837,60.81064928571426,33.339435405405425,6.506048928571429,28.381394879227045,43.180969999999995,7.273436538461537,47.34733134502925,19.63823418604651,32.92873126126127,51.930766130136966,57.803642,63.919569756097545,20.788553999999998,10.39677809608541,39.722495333333335,64.92448347826087,46.338244191810425,69.30512560000003,50.48957765182183,22.730598947368417,61.82963348958334,64.26970833333336,21.931706363636366,75.88476402777775,29.93387944444444,23.35498892543861,11.074044885057472,58.96379642857143,32.01551535714286,51.07623275,43.03832642857144,47.212317758620685,3.174816428571429,38.513128461538464,47.9963072881356,56.8427630081301,34.983979166666664,31.39002818965517,77.17904222222225,33.7738791891892,47.2788971111111,28.84692836065574,72.04383769230769
Eubacteriales,38.84252660115209,26.78765375,41.83666330291976,15.286729898989899,32.232435714285714,30.434102000000003,40.63507980237153,9.335727499999999,34.26116824742269,21.45302181818182,62.082085625,9.013984782608697,14.315298333333333,16.478283517241383,28.594317351598168,27.391054523809526,48.44522486486484,57.29384642857143,54.9645395652174,46.42368363636364,59.002722692307685,34.21303152046782,58.91394813953489,48.662308828828834,38.297115513698614,32.688748,21.529583414634143,51.40361399999999,55.00576975088964,27.255911777777772,24.33038010869565,41.92960729525866,23.701593799999998,41.688938340080966,61.13010631578948,26.951119635416664,29.169679210526322,60.72028363636364,17.23461458333332,52.73094333333334,51.55902633771933,7.2170718965517215,25.44536857142857,48.26713250000001,27.794356750000002,14.81685324175824,42.384228103448265,3.3170335714285715,46.486742769230766,32.503446949152526,27.323373008130094,41.54915277777777,17.216555517241382,12.432293777777772,45.23525864864865,38.85163887777773,53.10730934426229,18.675550512820518
Bifidobacteriales,6.493217207726211,7.1714512500000005,3.836690428832116,26.593311010101,0.6176622857142857,5.055196,3.3555024901185773,5.228725000000001,8.826575670103095,2.9467521590909085,12.695882500000002,16.054288695652176,2.4672560000000003,0.24352696551724146,0.41560127853881285,2.6765109523809514,6.194378108108108,11.370435357142858,3.131084637681158,1.3002063636363637,16.84606653846154,2.404519064327486,3.711767906976745,3.6533164864864873,1.160042363013699,0.8646880000000001,1.1414499999999999,11.107942,16.142812758007125,16.841460444444444,2.2577919565217393,1.8914848922413796,0.6439248,0.7048252226720644,5.259651052631579,1.3475442708333336,0.5962667543859649,9.030435454545453,0.7757943055555554,4.439686666666667,13.637944956140352,34.26418528735632,1.719084285714286,8.700122857142857,5.025594249999999,1.758442802197801,1.4030524137931033,30.79901642857143,4.586617230769232,4.130446101694916,3.6047433333333356,6.423452777777777,21.507101810344828,1.5713568888888882,3.0932818918918925,4.242701122222219,5.32113557377049,2.067761923076923
Coriobacteriales,2.2510575996837106,1.02468625,1.6941664324817516,1.9305369696969688,0.278386,1.9347540000000003,1.7169886166007913,1.3016625,2.2928642268041237,1.0328622727272727,3.5986993750000007,0.2515017391304348,0.7162480000000001,0.2349571724137931,0.21711210045662102,1.0320004761904764,1.530036081081081,8.302501071428571,1.6112111594202891,0.9059518181818184,4.097041538461538,0.9632770175438603,2.3874432558139542,3.8527991891891897,0.582905753424658,0.20023200000000002,0.7814619512195122,8.50369,7.2031602046263385,7.838144666666666,1.1525597826086957,1.3781199353448277,0.39768000000000014,0.2999374493927124,1.798925263157895,0.31994109375000007,0.1410992105263158,2.8452545454545457,0.3711981944444444,2.449193333333333,4.4739837938596425,0.6658979885057473,0.8944792857142857,3.048134642857143,1.30085025,0.9443164285714286,0.9361777586206895,0.00027857142857142854,2.0573030769230773,1.5859245762711873,1.195912723577235,1.997317777777778,2.9861900862068977,1.0417513333333337,1.2347016216216216,1.272653799999997,1.265206229508197,0.3486208974358973
Enterobacterales,1.8663832723370601,0.6692575,0.538730164233577,9.453933737373736,0.5264101428571428,4.4189,1.26700719367589,9.426377500000001,0.4052491752577321,6.362218295454547,0.165434375,26.62644782608696,3.8038306666666672,0.7437898620689656,2.0382987214611883,0.26930261904761904,1.0954089189189193,0.9192492857142857,0.3455791787439614,1.2663354545454546,0.3019584615384615,5.906776023391812,3.883774418604651,0.2749681081081082,0.9899180479452055,1.464216,6.673963414634144,1.2260220000000002,0.38175391459074764,0.9549895555555554,0.09060771739130435,1.3108545905172424,1.3477007999999995,0.43571680161943316,0.208608947368421,3.734910625,1.2902332456140355,0.12627727272727274,0.4980943055555554,0.6621994444444446,0.1580689254385964,13.401259195402297,5.346227857142857,0.9975014285714286,4.186382500000001,4.366867637362638,0.8504889655172413,15.943634285714285,0.741433076923077,3.5381174011299446,3.0352431300813025,3.827680833333333,11.62297534482759,3.4919666666666664,8.540812702702702,0.6202808999999997,0.9844383606557379,2.048941282051282
Lactobacillales,1.6555110561391602,1.1380362499999999,0.5088634762773718,4.020163232323233,0.265156857142857,0.324828,0.8567375494071142,2.0436549999999998,1.1340877319587634,0.8952546590909087,1.0075643749999998,10.021374347826086,0.7879006666666668,0.05938075862068966,0.1463102283105023,0.4421961904761907,3.1629558108108102,2.5716625,0.9356016425120767,0.6732145454545454,2.041531153846154,2.5291078362573116,1.7594981395348839,2.1905402702702714,0.31836037671232875,0.17662000000000005,0.01081658536585366,0.18700199999999997,2.472024928825626,0.6617368888888889,0.037159565217391305,0.9586486314655189,0.20676139999999996,0.567845910931174,0.79328,0.6772030208333332,0.23614289473684208,0.5616490909090909,0.08369833333333337,1.7250355555555559,1.2108971710526317,16.638179367816093,0.24877285714285716,2.6312046428571434,3.0421869999999993,5.913516703296703,0.5144272413793103,24.352348571428568,0.48224507692307694,0.7178483615819207,1.4655067886178863,2.308533611111111,4.328141637931034,0.04282911111111111,1.1546448648648646,1.0496644999999996,3.9446652459016387,0.33385653846153845
Verrucomicrobiales,1.4190005726872252,0.73521375,2.1498214416058397,0.28233919191919193,0.25610800000000006,0.568684,1.127674031620553,0.0,2.034550721649484,1.0014945454545454,3.3481975,0.16813739130434782,1.870765,0.5556814482758621,0.6853996803652969,3.237775,0.4249598648648648,8.083785714285714,1.7530871497584535,2.11186,3.1485284615384614,0.49296666666666644,2.4487804651162794,0.5588818918918919,1.0384978082191778,2.5464379999999998,0.26613439024390245,1.365312,2.163200489323845,0.6112688888888889,1.8137640217391298,1.7006683943965504,1.2328017999999998,0.5648098785425102,1.9065705263157895,0.27953052083333335,0.3407521052631578,1.6478381818181818,1.9406966666666665,0.7611144444444444,0.9840580263157898,0.028835862068965514,1.9350792857142856,0.3543603571428572,0.10314249999999998,2.722685604395605,0.8518860344827586,0.0,1.5604132307692307,3.5003351412429384,0.3890939024390244,0.16188555555555556,1.2179500862068964,0.08348733333333333,0.37321837837837835,1.1150863666666677,0.6828552459016393,0.06197141025641026
Firmicutes_NA_NA,0.8879071885236648,0.99704375,1.0707582390510961,0.219119595959596,1.030201857142857,0.610854,1.502001501976284,0.0,1.6603885567010304,0.7027901136363638,1.42682875,0.5459430434782608,2.1030773333333332,0.4182429655172414,0.43797242009132425,0.5993628571428572,0.22207783783783783,0.55092,1.7743600966183568,0.7782163636363637,0.36598384615384616,0.5857179532163743,2.2602479069767445,1.330091261261261,1.6912841095890414,0.44001100000000004,0.5644419512195122,1.6423879999999997,0.6743128647686831,1.5039940000000005,1.8426186956521742,1.1981122521551728,0.6540702,1.0331499190283406,1.3833357894736842,0.3028336458333334,0.3992770175438595,0.9000709090909091,0.48062416666666663,0.4672222222222223,0.5762481798245617,0.02405557471264368,1.3451235714285714,0.8176792857142858,0.30781775,0.37469384615384604,1.6274812068965514,0.0,1.1962813846153841,1.48232197740113,0.4418518292682924,0.5674269444444444,0.16496879310344822,0.6218784444444442,0.7173862162162162,0.8297712777777773,0.670334918032787,0.19735230769230766
Veillonellales,0.8606320862984304,8.24846875,0.5253027189781021,1.56757,0.5255807142857144,0.289456,1.0274010276679837,2.0993325,0.8352745360824744,4.762634545454547,1.22192125,3.6388530434782624,5.166317666666667,0.3459483448275862,1.1973480365296805,0.15797285714285708,0.7783836486486488,0.1904892857142857,1.413846521739131,0.23120454545454547,0.48582384615384616,1.1493490058479534,0.6213446511627907,0.323978018018018,0.6939383904109585,1.8159310000000002,2.0343429268292685,0.114294,0.4561807384341635,0.3063355555555555,0.2948292391304348,0.47234434267241393,0.25733140000000004,0.5823961538461536,0.46936052631578945,1.43020390625,0.6051552631578945,0.1531009090909091,0.4398790277777778,1.0956966666666665,0.6371154166666669,2.990441724137933,0.11420499999999999,0.33999535714285706,1.6516222500000002,1.8003578571428576,0.23233189655172418,0.2588878571428571,0.729704,0.44849881355932175,1.0034662195121953,1.7895158333333336,2.0901129310344824,0.20122288888888887,1.4836213513513514,0.937091555555555,0.4539719672131149,1.2933734615384613
Acidaminococcales,0.777524523890207,1.4294774999999997,0.8247671441605836,0.28445151515151523,0.399916,0.196096,1.3968272332015814,1.41746,1.4210395876288657,0.21376625000000002,0.40194187499999995,0.027512608695652172,0.4424843333333334,0.44396034482758606,0.5029352968036528,0.45006595238095237,0.11376540540540538,0.07742392857142856,1.72460961352657,0.0046500000000000005,0.36242192307692306,0.9474476023391808,0.37305744186046497,1.6987025225225232,1.4049718493150682,0.450678,0.6377382926829267,1.82744,0.4910014946619222,1.052099111111111,1.488080869565217,0.6934202693965523,0.8447576000000001,0.9871997975708501,1.6037973684210527,0.8405448437500002,0.7202005263157898,1.1558336363636366,0.45606361111111116,1.5218561111111113,0.5337797807017547,0.03727137931034482,0.9352807142857144,0.7815217857142859,1.4173,0.8780862087912088,1.125076724137931,6.5e-05,1.0068898461538462,0.4986429378531073,1.5693977642276429,0.3502544444444444,0.1888363793103448,0.8579975555555557,1.1118516216216214,0.7289182111111112,0.8642981967213116,0.5858920512820512
Methanobacteriales,0.6748223573929741,3.2228862499999997,0.41714658759124085,0.010913939393939394,0.03703742857142857,0.12313800000000001,0.25300735177865613,0.0,0.4250956701030928,0.1379793181818182,2.334035,0.01394521739130435,0.6773606666666667,0.0305384827586207,0.23225652968036528,0.001849761904761905,0.0,0.6399853571428571,1.539330434782608,0.020987272727272726,2.0657846153846156,0.039587251461988306,1.8753227906976744,0.9108358558558559,0.16171657534246572,0.126668,0.0,0.075012,1.8319420907473307,0.0033095555555555556,0.0,0.36730768318965507,0.096506,0.7539823886639675,0.4187215789473684,0.07276312499999998,0.026522017543859647,0.07905636363636363,0.06640402777777779,1.2653433333333333,0.9734967105263157,0.012166034482758619,0.0,0.19431392857142854,0.07801125,0.3049898901098901,0.28352689655172414,0.0,0.1681644615384615,1.7649049717514134,0.06886260162601623,1.5925702777777777,0.15123706896551725,8.666666666666666e-06,0.13459432432432433,1.0320425000000002,1.72860262295082,0.036221794871794874
Erysipelotrichales,0.6345619484920364,0.35416749999999997,0.40278333941605804,1.1354379797979794,0.15631714285714277,0.25046,0.6094229644268778,0.6345699999999999,0.3028692783505155,0.5980473863636364,0.80275625,0.03248434782608695,0.12016066666666668,0.12498365517241378,0.1802852511415525,0.2291559523809524,1.2665936486486487,1.1414071428571426,0.6401954106280192,0.6508963636363636,1.5798292307692312,0.674966432748538,0.9587962790697674,2.895539549549549,0.4126084931506848,0.525471,0.026276585365853658,0.16776400000000002,1.0755029359430626,0.29358755555555555,0.04638065217391304,0.27067271551724115,0.15976940000000003,0.698505060728745,1.2901526315789476,0.2296010937499999,0.19066552631578945,0.3278054545454545,0.08726513888888893,2.0571872222222223,0.8202473245614038,1.3855658045977008,0.060101428571428576,0.5339921428571429,0.6526025,1.0809848351648352,0.8856794827586206,0.0,0.7131012307692309,0.4725632768361585,0.4455085772357722,2.3716619444444453,0.5443525,0.01517555555555555,0.6296270270270269,0.7022460666666679,0.9961006557377051,0.10621551282051282
Eggerthellales,0.4401873218118156,0.158295,0.2762406113138683,0.32437030303030295,0.06876900000000001,0.07989399999999999,0.5708594466403168,0.0161775,0.4537004123711342,0.22534988636363637,1.4310393749999997,0.07932478260869566,0.17700100000000002,0.033505310344827594,0.024218812785388146,0.5646102380952379,1.211343108108108,2.0969775,0.46825652173913085,0.42403727272727276,1.9448350000000003,0.28478707602339165,0.6412846511627907,0.3080745045045044,0.15035948630136994,0.08349,0.053767317073170735,0.546808,1.130737437722418,1.3775653333333333,0.13802217391304342,0.5573724568965517,0.2167944,0.08156137651821863,0.37979684210526315,0.07785713541666667,0.05744701754385963,0.18278636363636364,0.1463725,0.5012822222222222,0.5773291666666668,0.21571896551724137,0.09630857142857142,0.5470689285714286,0.25009325000000004,0.49577516483516476,0.4572787931034483,0.5471142857142858,0.49911861538461527,0.34773519774011297,0.21538069105691052,0.1563508333333333,0.46519431034482756,0.06431444444444444,0.2663505405405405,0.20149002222222243,0.34390590163934437,0.06486358974358973
Burkholderiales,0.2856442821642371,2.4097425,0.23383865875912405,0.049400606060606055,0.39642299999999997,0.266512,0.29389806324110695,0.1044175,0.12964938144329902,0.18412227272727275,0.073719375,0.07247217391304349,0.215966,0.3903431724137929,0.34657273972602737,0.8970530952380953,0.6249582432432432,0.06512714285714286,0.3357414009661835,0.808079090909091,0.002264615384615385,0.12970438596491235,0.14223046511627904,0.03034333333333333,0.19750616438356167,0.099593,0.663881463414634,0.047264,0.02064189501779358,0.08599333333333331,0.47109097826086954,0.31535012931034473,0.5084417999999998,0.16613740890688258,0.11821,0.3145964583333333,0.3327114035087719,0.10469090909090908,0.5809180555555556,0.051846666666666666,0.06738234649122805,0.012578505747126437,0.6635092857142856,0.04047857142857143,0.16730925000000002,3.9021188461538454,0.26700758620689663,0.013188571428571428,0.209032,0.14901677966101684,0.189579918699187,0.13159583333333333,0.07541155172413792,0.6531666666666668,0.17916027027027023,0.17953463333333336,0.1621024590163934,0.4416501282051283
Bacillales,0.21455229413758037,0.00059,0.0007102737226277371,0.08269797979797978,0.0009505714285714286,0.015694,0.006568972332015813,0.24072,0.002102577319587629,0.003045227272727273,0.015156875,1.7896147826086954,0.00021833333333333335,0.0007457241379310346,0.0007037899543378995,0.004019285714285715,0.040404729729729735,0.0,0.007904492753623189,0.0010290909090909092,0.003956923076923077,0.02137690058479531,0.018028837209302328,0.001294054054054054,0.0017614383561643837,0.000339,0.00022097560975609757,0.0019019999999999998,0.0062468327402135215,0.04022888888888889,0.0010982608695652173,0.001227618534482759,0.0002438,0.002555546558704453,0.005712105263157895,0.005390625000000002,0.016110526315789474,0.0,0.00025236111111111113,0.002325555555555555,0.0013811622807017544,6.583786494252871,0.0005835714285714286,0.018752857142857147,0.09723475,0.3041306043956044,0.0062334482758620675,8.098942857142857,0.03154784615384615,0.007401186440677968,0.03323264227642275,0.04811166666666666,4.151445086206896,0.0,0.03226702702702702,0.005132100000000003,0.02073737704918032,0.0016473076923076923
Tissierellales,0.19334248842200374,0.0030025,0.004523649635036497,0.024806161616161615,0.00023385714285714286,0.5412,0.0015152964426877473,12.548712499999999,0.0005861855670103092,0.0014657954545454544,0.001275625,0.0028473913043478264,0.015640666666666667,0.0012686206896551724,0.016614429223744294,2.0952380952380954e-05,0.09559081081081079,0.0,0.0030244444444444446,0.00082,0.03492038461538461,0.0037786549707602346,0.0008155813953488373,0.0008500900900900901,0.0006683219178082192,0.0,0.0,0.0,0.0021814056939501777,0.0,0.0,0.01878479525862069,0.0005214000000000001,0.003290080971659919,0.0015336842105263158,0.00038125,0.0012470175438596492,0.0,1.7222222222222224e-05,0.002097777777777778,0.00026017543859649123,0.038804942528735634,0.0,0.00026821428571428574,0.042644000000000015,8.579015384615385,0.002006896551724138,0.008107857142857142,0.07679123076923076,0.0039450282485875695,0.0205640243902439,0.005855555555555555,0.02532603448275862,0.0,0.05809648648648648,0.0319394222222222,0.012671311475409836,6.0641025641025637e-05
Selenomonadales,0.17895220377273224,0.09388500000000001,0.10853885948905113,0.05384606060606061,0.02792485714285714,0.053992,0.16047968379446642,0.15172750000000002,0.2947984536082473,1.1017907954545456,0.045954375,0.0,0.7409423333333334,0.07753558620689656,0.05936694063926938,0.0,0.0,0.0,0.22221956521739128,0.0005036363636363637,0.0031888461538461537,1.0262954970760232,0.0025125581395348835,0.017108198198198196,0.13845123287671232,0.241809,0.11603243902439025,0.0,0.04777980427046264,0.040568888888888884,0.08398717391304347,0.030241821120689655,0.0037080000000000004,0.11087987854251012,0.2262763157894737,0.5513446875,0.38963622807017534,0.006474545454545455,0.000998888888888889,0.000475,0.1192487938596491,0.0,0.10294142857142859,0.18167071428571427,0.5817685,0.01811357142857143,0.07409655172413791,0.0,0.11066584615384614,0.009700451977401131,0.5714777235772357,0.6556358333333333,0.012601810344827586,0.3715611111111111,0.8859051351351352,0.3817269000000001,0.07474049180327869,0.43939064102564107
Desulfovibrionales,0.14663014797243878,0.0992075,0.2513533394160586,0.05372939393939393,0.09932085714285711,0.341248,0.15256814229249008,0.0,0.4269932989690722,0.0754864772727273,0.07284374999999998,0.17237695652173915,0.17268766666666666,0.02201951724137932,0.13583584474885843,0.14535285714285714,0.08164797297297297,0.0,0.3035276811594204,0.011875454545454545,0.03204653846153846,0.14615614035087718,0.13080139534883722,0.19152936936936935,0.20507174657534258,0.10110899999999998,0.07500170731707317,0.33614000000000005,0.05361896797153029,0.322594,0.31565608695652164,0.11252051724137938,0.1018714,0.058246963562753065,0.06786210526315788,0.1415474999999999,0.22850491228070172,0.11110272727272727,0.4187069444444445,0.03685833333333334,0.08633035087719297,0.008917471264367817,0.6651635714285715,0.08132678571428573,0.1078415,0.06798967032967032,0.3068412068965518,0.0010435714285714286,0.2533938461538461,0.2530097740112996,0.11035321138211386,0.04938555555555556,0.02911077586206896,0.4159724444444444,0.2901335135135135,0.1631841666666665,0.08492032786885247,0.10447846153846153
Proteobacteria_NA_NA,0.13107109228510117,0.10549,0.12861601277372242,0.015143939393939395,0.05997985714285713,0.9116899999999999,0.06708743083003953,0.0054975,0.03684865979381444,0.01043909090909091,0.101640625,0.0027704347826086957,0.0008106666666666667,0.5323964827586208,0.030373013698630137,0.9189311904761904,0.3138544594594595,0.057987500000000004,0.21950318840579713,0.9464018181818183,0.003877307692307692,0.0455885380116959,0.04770255813953489,0.02640810810810811,0.17423226027397265,0.20881299999999997,0.6980085365853658,0.254158,0.01776297153024911,0.21477911111111112,0.6200693478260869,0.1521401077586208,0.17921460000000003,0.18698275303643733,0.06871684210526315,0.22230604166666657,0.3056151754385964,0.03722090909090909,0.3727645833333334,0.1733977777777778,0.04462807017543861,0.01872333333333333,0.27755785714285713,0.05027535714285714,0.1176995,0.07290351648351648,0.26731413793103453,0.0,0.16805507692307692,0.10755107344632761,0.12087609756097555,0.34113666666666664,0.043271810344827584,0.7143277777777778,0.39404594594594594,0.04602028888888891,0.08523377049180328,0.7859835897435897
Fusobacteriales,0.08512879927708124,0.0,0.025568430656934305,0.0007995959595959595,0.006295857142857141,0.601902,0.03143086956521739,0.5367925,0.038480412371134025,0.01187625,0.0,0.03019826086956522,0.025662333333333332,0.006119379310344827,0.2850098630136986,0.06105833333333333,0.006482837837837837,0.0005607142857142857,0.0008713526570048309,0.06891545454545454,0.00040423076923076925,0.5718987134502926,0.0,0.020635225225225224,0.06106041095890411,0.044351999999999996,0.1310368292682927,0.0,0.002550987544483986,7.266666666666667e-05,0.0006385869565217392,0.025582737068965525,0.0001706,0.2156121862348178,0.0,0.2629666666666666,0.450089649122807,0.0,0.003228194444444445,0.0,0.001941206140350877,2.5287356321839083e-06,0.04812428571428572,7.25e-05,0.9950257500000002,0.3849331868131869,0.02266017241379311,0.0,0.06848938461538463,0.003884463276836159,0.6650855284552847,0.23286166666666666,0.002867844827586207,0.1163691111111111,0.16112675675675675,0.01928563333333334,0.019545901639344263,0.16399974358974354
Actinomycetales,0.06440740088105741,0.01225875,0.005214708029197081,0.2014444444444444,0.0009645714285714286,0.290428,0.023432332015810277,0.8658174999999999,0.054812061855670106,0.007491022727272728,0.051460624999999996,1.2451552173913043,0.0,0.00039606896551724137,0.011469132420091325,0.005088809523809524,0.2955566216216216,0.042714285714285705,0.014039951690821251,0.004083636363636364,0.09960692307692307,0.021411754385964914,0.018818837209302327,0.01016054054054054,0.0013939383561643835,0.0,0.012870000000000001,0.06931999999999999,0.08282419039145905,0.09331444444444444,0.00040358695652173914,0.007481196120689657,0.0001954,0.00042963562753036447,0.023247894736842106,0.007671302083333332,0.0009403508771929824,0.010509090909090909,0.00277125,0.023141666666666665,0.012866337719298255,0.655772356321839,0.15498285714285714,0.05666785714285715,0.07735175,0.588241263736264,0.005987931034482759,0.009487857142857143,0.03170600000000001,0.009931581920903959,0.026640934959349584,0.019892777777777777,0.8430494827586206,0.00433288888888889,0.0036899999999999997,0.008107955555555558,0.027319672131147544,0.0017974358974358977
Pasteurellales,0.06270627696825926,0.01341125,0.023455492700729906,0.08567373737373739,0.15961885714285715,0.17969600000000002,0.04187664031620553,0.05997,0.035432680412371124,0.09007124999999999,0.001345625,0.030234782608695655,0.078662,0.025963517241379314,0.15743223744292237,0.017628333333333333,0.10090702702702703,0.003108928571428571,0.03870685990338166,0.034127272727272735,0.04670846153846154,0.12871257309941522,0.011640465116279069,0.028408828828828833,0.04713174657534247,0.05115499999999999,0.011403658536585367,0.0,0.0077251156583629885,0.048986222222222216,0.003415760869565218,0.04591576508620686,0.020337200000000007,0.06904198380566803,0.006457894736842104,0.16667458333333338,0.09538692982456139,0.0020872727272727275,0.025131527777777777,0.001595,0.015113596491228063,0.4941275862068964,0.30032714285714285,0.038960714285714286,0.324263,0.0393926923076923,0.03376724137931035,0.3363621428571429,0.019604,0.06902598870056498,0.2048139430894309,0.22013972222222222,0.09636706896551725,0.033278888888888886,0.1684291891891892,0.05113415555555561,0.03072508196721312,0.08504128205128204
Campylobacterales,0.04321550547836895,0.015955,0.0029775547445255474,0.026332424242424244,0.052061,0.069638,0.0007161264822134386,1.84535,0.0004505154639175257,0.00047511363636363636,0.0,0.006099565217391304,0.00037799999999999997,0.0032465517241379305,0.03683904109589041,0.00028119047619047617,0.0020264864864864866,0.0,0.0020736714975845413,0.0,0.009356923076923077,0.0027741520467836254,0.0,0.00027306306306306306,0.0004489041095890411,0.0,0.0015373170731707317,0.0,0.000122864768683274,0.004385333333333333,0.007554891304347826,0.00044658405172413797,0.0008354,0.00095834008097166,0.00046842105263157895,0.0011513541666666666,0.0046107894736842105,0.0,3.555555555555556e-05,0.0,0.0001394517543859649,0.0008888505747126437,0.0,0.0,0.049836000000000005,1.8148572527472533,0.0006655172413793102,0.0,0.06412246153846154,0.004621581920903955,0.04227142276422763,0.004526388888888889,0.00020155172413793105,0.001122,8.486486486486487e-05,0.004488066666666666,0.00039999999999999996,1.1666666666666666e-05
Xanthomonadales,0.04291527165932455,0.0,0.0,6.94949494949495e-05,0.0,0.0,0.0,0.0,0.0,0.0,0.0,0.16911695652173914,0.0,0.0,0.0,0.0,0.0,0.0,0.0,0.0,0.0,0.0,0.0,0.0,0.0,0.0,0.0,0.0,0.0004272864768683274,0.0,0.0,0.0,0.0,0.0,0.0,1.0416666666666666e-05,0.0,0.0,0.0,0.0,0.0,0.0019604597701149426,0.0,0.0,0.00023674999999999998,2.0602303846153855,0.0,0.0,0.0,0.00120045197740113,3.247967479674797e-05,0.0,0.0,0.0,0.0,0.0,0.0,0.00021884615384615383
Brachyspirales,0.029769548175759622,0.0,0.03331258211678832,0.0,0.1302782857142857,0.0,0.0,0.0,0.009649278350515465,0.0,0.0,0.0,0.0,0.009066758620689655,0.0,0.0,0.0,0.0,0.025023574879227052,0.0,0.0,0.13877064327485378,0.0023972093023255816,0.012872522522522523,0.07254469178082193,0.0,0.0,0.0,0.003582918149466192,0.0,0.0,0.00042297413793103444,0.0,0.12332323886639675,0.0,0.12147276041666666,0.0,0.0,0.01611125,0.0,0.008664166666666667,0.0,0.0,0.0,0.39796675,0.022166428571428573,0.028136206896551726,0.0,0.00041969230769230766,0.03325186440677966,0.20816670731707318,0.01579138888888889,0.0,0.0,0.0,0.0215062,0.032172295081967214,0.0017555128205128205
Propionibacteriales,0.026407886592115674,0.0,0.0001789324817518249,0.010831212121212122,5.2e-05,0.0,0.001180869565217391,0.4301925,0.0006390721649484535,0.0,0.1011025,0.33919260869565215,0.0,0.0006961379310344828,0.0013478082191780822,0.0,0.005774054054054054,0.0018742857142857142,0.000382415458937198,0.0018618181818181817,0.012841923076923077,0.0003626900584795322,0.009379767441860466,0.0,5.0136986301369863e-05,0.0,0.0,0.0,0.0029779092526690393,0.0005966666666666667,0.00027684782608695653,0.0024340517241379315,0.0009812,0.0,0.0003915789473684211,4.9479166666666665e-05,5.93859649122807e-05,0.0040981818181818185,0.0010548611111111112,0.010933888888888889,0.0033085307017543856,0.5118151149425288,0.0004064285714285714,1.107142857142857e-05,0.000504,0.12411895604395606,0.00022637931034482758,5.741936428571428,0.0018215384615384617,0.0003434463276836158,3.382113821138211e-05,0.0,0.15075051724137936,0.0011088888888888889,0.0,0.0010116555555555557,0.014675901639344263,0.0008633333333333332
Tissierellia_NA,0.01781287247260817,0.0,0.0005456934306569346,0.0003607070707070707,7.4285714285714275e-06,0.023292,0.00013885375494071146,1.064415,0.0,0.0,0.0,0.004804347826086956,0.0,3.082758620689655e-05,0.00023662100456621002,0.0,0.0,0.0,0.00024908212560386474,0.0,0.0,0.0002478362573099415,0.0,0.0,4.8595890410958905e-05,0.0,0.0,0.0,5.554270462633452e-05,0.0,0.0,0.0,0.0,5.615384615384616e-05,0.0,0.0,0.0,0.0,0.0,0.0,0.0,0.00015954022988505748,0.0,0.0,0.0,0.8297323626373628,0.0,0.0,0.0,0.00014666666666666666,0.001481341463414634,0.0001802777777777778,0.0,0.0,0.0,0.0009598333333333334,4.622950819672131e-05,0.0
Victivallales,0.015903398847848176,0.00073875,0.03290650547445256,0.0009325252525252525,0.07826314285714284,0.045072,0.0325394861660079,0.0,0.09514268041237116,0.049581022727272724,8.0625e-05,0.00015956521739130436,0.000366,0.007511931034482758,0.0031809589041095895,0.002529047619047619,0.0,0.0,0.0036132850241545893,0.02077,0.0,0.0014018713450292396,0.0009381395348837209,0.002631981981981982,0.019180958904109587,0.000765,0.014956585365853658,0.001162,0.0006143950177935943,0.1886226666666667,0.01228217391304348,0.021360441810344827,0.020783999999999997,0.010141781376518217,0.0,0.001814375,0.004462631578947368,0.0,0.004830138888888888,0.0,0.001039298245614035,0.0,0.028010714285714285,0.00057,0.0004955000000000001,0.00538010989010989,0.014220862068965518,0.0,0.017346153846153848,0.006864067796610172,0.0030258130081300813,0.0,0.00011939655172413793,0.026741555555555557,0.00023594594594594594,0.026047322222222224,0.00984885245901639,0.018904230769230767
Corynebacteriales,0.01529922286230657,0.0,0.0003370711678832118,0.00416969696969697,8e-06,0.313678,9.652173913043479e-05,0.31970250000000006,0.0009106185567010312,0.00024238636363636362,0.0024475,0.12311347826086956,0.0,8.275862068965517e-06,0.0001693607305936073,0.0,0.0027716216216216215,0.0,0.0009463768115942027,0.0,0.00033423076923076923,0.0014695321637426902,0.00168,0.0005993693693693694,1.9452054794520547e-05,0.0,0.0007980487804878049,0.0,0.0016838879003558717,0.008115333333333334,0.0,0.0010231788793103448,0.0,0.0001505668016194332,0.0,0.0005833854166666666,0.0,0.0,0.00014958333333333333,0.0,0.000614890350877193,0.01170241379310345,0.0,0.00012071428571428572,0.00458,0.635853901098901,0.0,0.2251635714285714,0.002137076923076923,0.00010779661016949155,0.0029406097560975603,0.0006922222222222222,0.0035046551724137926,0.0,0.0004813513513513513,0.0011737666666666667,0.01125967213114754,0.001418076923076923
Opalinata,0.009906326668925786,0.00705625,0.010585611313868613,0.01127111111111111,0.0038991428571428567,0.0,0.010727312252964426,0.0,0.0013007216494845362,0.013633295454545453,0.0,0.0,0.08866900000000001,0.001202551724137931,0.0,0.0,0.0,0.0,0.03377903381642512,0.0,0.0,0.0012318713450292398,0.00682813953488372,0.003335585585585585,0.017303150684931504,0.00043099999999999996,3.1219512195121955e-05,0.034516000000000005,0.004082989323843415,0.005155111111111111,0.0,0.0067800538793103445,0.000635,0.005398866396761133,0.0,0.0020393229166666663,0.0009859649122807017,0.0,0.007531111111111112,0.0,0.00788484649122807,0.0,0.030863571428571428,0.0,0.0,0.0010357692307692307,0.0037032758620689655,0.0,0.03214784615384615,0.009506610169491525,0.0020513414634146343,0.0,0.0,0.0,0.0,0.036054933333333344,0.0,0.0
Micrococcales,0.009591519259008235,8.875e-05,0.001584370437956205,0.032141414141414144,0.0027824285714285724,0.0,0.013220118577075095,0.114095,0.019282474226804118,0.004850454545454546,0.009578125,0.21004173913043475,0.0072436666666666665,0.00019406896551724137,0.0008373059360730593,0.0019119047619047622,0.0015812162162162162,0.013478571428571428,0.0036478743961352667,0.0008972727272727273,0.00016500000000000003,0.010210292397660822,0.0029127906976744184,0.011184684684684686,0.00082986301369863,0.0,0.0008970731707317073,0.001634,0.00803055160142349,0.16643311111111111,0.0006772826086956521,0.0007030172413793101,0.0008375999999999999,0.00033813765182186235,0.00203421052631579,0.0021475520833333333,0.0007042982456140352,0.0005727272727272727,0.0008674999999999999,0.0010805555555555557,0.0013481578947368415,0.027470804597701157,0.012180714285714284,0.0109125,0.022531750000000003,0.10027648351648351,0.002549137931034483,0.2699892857142857,0.005427384615384614,0.00459502824858757,0.011607682926829269,0.019030555555555558,0.0897093103448276,0.00011466666666666666,0.007420540540540538,0.0005620555555555556,0.009786393442622951,0.0015832051282051282
Methanomassiliicoccales,0.009143196656500617,0.0,0.023132490875912407,0.0,0.019475000000000003,0.0,0.0,0.0,0.0,0.0,0.0,0.0,0.0,0.01851531034482759,0.011468812785388128,0.0,0.0,0.0,0.013329951690821256,0.1110590909090909,0.0,0.0,0.0023088372093023253,0.001821981981981982,0.025473150684931504,0.0,0.0,0.0,0.0015787544483985767,0.0,0.0,0.023595431034482764,0.0006588,0.03213441295546559,0.0,0.0,0.0,0.0,0.0,0.008198333333333334,0.0006838377192982456,0.0,0.0,0.0,0.0,0.0,0.022340172413793106,0.0,0.0,0.01865361581920904,0.0,0.0,0.0,0.0,0.0,0.0006813333333333333,0.0,0.0
Synergistales,0.008988606122218452,0.00161375,0.0035502737226277372,4.797979797979798e-05,0.0005264285714285714,0.00043400000000000003,0.005015968379446642,0.0,0.0007045360824742267,0.0,0.000315625,0.0028,0.013428333333333332,0.00025917241379310347,0.000529634703196347,0.0006264285714285714,8.864864864864865e-05,0.0,0.007017632850241547,0.0,0.0,0.03351461988304093,0.01141,4.2612612612612614e-05,0.0070930821917808175,0.000419,0.00774390243902439,0.00025600000000000004,0.001966912811387901,0.0031708888888888885,2.0108695652173915e-05,0.007912521551724139,0.0028154,0.002538866396761133,0.004153157894736842,0.012172864583333332,0.025597631578947365,0.000640909090909091,0.0019213888888888887,0.0026427777777777777,0.0008553947368421053,0.0,0.20041714285714285,0.00022250000000000001,0.006904750000000001,0.18223445054945056,0.010502413793103446,0.0,0.0029543076923076923,0.01504175141242938,0.00477711382113821,0.008845555555555556,0.0,0.0013013333333333334,0.013274864864864861,0.004282844444444444,0.018706393442622957,0.0053628205128205125
Pseudomonadales,0.007758987913701576,0.0,0.0003096532846715329,2.0606060606060608e-05,9.242857142857143e-05,0.0,0.0003586166007905139,0.0,0.0030656701030927834,0.0,0.0,0.05070217391304348,0.0,0.0,0.0,0.0,0.0,0.0,0.00015748792270531403,0.0,0.0,0.0,0.0,0.0,0.0,0.0,0.00024829268292682924,0.0,0.05320069395017793,0.0,0.0,1.5301724137931036e-06,0.0,0.0,0.0,8.119791666666666e-05,0.0,0.0,0.0014969444444444442,0.0,0.0,0.029572758620689657,0.0,0.0005625,0.0,0.0026356043956043958,0.001733793103448276,0.033206428571428574,0.0,0.002591638418079096,2.1016260162601626e-05,0.0,0.0,0.0,0.0,6.085555555555555e-05,0.001510327868852459,7.307692307692307e-05
Candidatus Gastranaerophilales,0.00585660792951542,0.0,0.009670985401459851,0.00023595959595959599,0.22012071428571428,0.0,0.00022031620553359684,0.0,0.0016932989690721647,0.0,5e-05,0.013811739130434783,0.0,0.0001586206896551724,0.0,0.0,0.0,0.0,0.0007888405797101449,0.0,0.0,0.0,0.0,0.0,0.02080808219178082,0.0,0.0,0.0,0.001440017793594306,0.0,0.010194782608695652,0.0020904418103448274,7.6e-06,0.015666639676113356,0.0,0.0,0.0,0.0,0.0,0.0,0.0010835526315789476,0.0,0.0,0.005343571428571428,0.0,0.0,0.005296379310344828,0.0,0.006317384615384615,0.002182824858757062,0.008175081300813009,0.0,0.0001168103448275862,0.0,0.0,0.007546066666666668,0.0014127868852459018,0.0
Moraxellales,0.005404837908053767,0.0,1.5127737226277373e-05,0.006734343434343434,0.0,0.0,0.00010181818181818183,0.0009075,0.0,0.0,0.0,0.03305565217391304,0.0,0.0,0.0,0.0,0.0,0.0,0.0,0.0,0.0,0.0,0.008396046511627907,0.0,0.0018085273972602738,0.000432,0.0,0.0,0.0,0.0024755555555555555,0.0,0.0,0.0,0.0033202024291497977,0.0,0.0009987499999999999,0.0,0.0,0.0,0.0,0.0,0.21840206896551725,0.00131,0.0,0.0,0.01820126373626374,0.00027948275862068966,0.0,0.0,0.016362598870056498,4.178861788617886e-05,4.472222222222223e-05,0.0,0.0,0.0,1.852222222222222e-05,0.0009232786885245902,0.0003742307692307692
Aeromonadales,0.003739495086411386,0.0,0.0011872536496350364,5.404040404040404e-05,0.002768428571428572,0.003014,0.006674545454545452,0.0,0.0001788659793814433,0.0033361363636363636,0.0,0.0,0.0017640000000000002,6.993103448275861e-05,0.0,0.0,0.0,0.0,0.001168647342995169,0.0,0.0,0.0027239181286549704,0.0,0.006987747747747749,0.013809965753424655,0.031809,0.004768536585365853,0.0,0.00014355871886120996,0.00014266666666666667,0.0,0.0009166271551724138,0.0,0.012538906882591095,0.0,0.00343015625,0.0031878070175438596,0.0,0.0,0.0,0.0009367105263157894,0.0013492528735632183,0.0,0.03365571428571428,0.03152975,0.00042384615384615383,0.0002039655172413793,0.0,0.0017036923076923078,0.0001523728813559322,0.004794268292682927,0.0,0.0,0.004542888888888889,2.1891891891891892e-05,0.009606133333333332,0.012080327868852459,0.05771153846153846
Neisseriales,0.0024254704619902858,0.0,2.0364963503649634e-05,0.007028888888888889,0.0002412857142857143,0.0,0.0001358498023715415,0.0,0.0003369072164948454,0.0005519318181818182,0.0,0.0806895652173913,0.001619,4.96551724137931e-05,0.0009015068493150685,0.0015752380952380953,0.00024013513513513514,0.0,8.144927536231884e-05,0.0,0.0,0.00026403508771929827,0.0,0.00047594594594594595,1.571917808219178e-05,0.0,0.00018219512195121948,0.0,0.0,0.2934364444444445,0.0,0.0003482327586206897,0.0,0.0,0.0,0.0013520833333333334,0.0004695614035087719,0.0,0.0,0.0,0.0,0.005224137931034483,0.028718571428571427,0.0,0.0031130000000000003,0.009105164835164836,0.000576896551724138,0.0019121428571428573,0.00020784615384615384,0.00023531073446327684,0.0014971951219512193,0.0031969444444444445,0.0005483620689655173,0.0027748888888888892,0.0009302702702702702,0.0005600555555555555,0.0001918032786885246,0.00039769230769230767
Mycoplasmatales,0.0016896351519259006,0.0,0.0004346259124087592,0.0,0.0,0.03219,0.0,0.0,0.0,0.0,0.0,0.0006221739130434782,0.0,0.00036358620689655176,0.0,0.0,0.0,0.0,0.0,0.0,0.0,8.128654970760234e-06,0.0,0.0,0.0,0.0,0.0,0.0,0.0,0.0,0.0,0.0,0.0,3.886639676113361e-06,0.0,8.020833333333333e-06,0.0,0.0,0.0,0.0,0.0,0.0,0.0,0.0,0.0,0.07599252747252747,0.0,0.0,0.0,0.0009831073446327683,0.0,0.0,0.0,0.0,0.0,0.00027274444444444447,0.0,0.0
Saccharomycetales,0.0012464689935615045,0.0,0.00018093978102189784,0.0007938383838383838,0.0013591428571428572,0.0,0.0009121343873517787,0.0,0.0,0.0,0.000688125,0.0,0.0,0.00010324137931034483,0.0,0.0024557142857142855,0.0,0.0,0.0014624637681159417,0.0,0.0,6.5906432748538e-05,0.0002916279069767442,0.0,3.8082191780821915e-05,0.0,0.0,0.0,0.00021158362989323842,0.0,0.0,0.0,0.0011532,3.8178137651821866e-05,3.578947368421053e-05,0.0,0.0,0.0,0.0,0.0,0.0,0.006075632183908045,0.0,0.00040607142857142854,0.0,0.034917417582417586,6.862068965517241e-05,0.0,0.0008456923076923077,5.559322033898305e-05,8.979674796747967e-05,0.00022749999999999997,0.0071702586206896565,0.0,0.003674324324324324,0.0011687888888888885,0.0019283606557377049,0.0
Spirochaetales,0.0008541805037840281,0.0,0.0018891058394160587,0.0,0.0,0.0,0.0,0.0,0.0,0.008702045454545455,0.039835,0.0,0.037829666666666664,0.0,0.0,0.0,0.0,0.0,0.0,0.0,0.0,0.0,0.0,0.0,0.0035659589041095894,0.0,0.0,0.0,0.0,1.9555555555555557e-05,0.0,0.0,0.0,0.0,0.0,0.0,0.0,0.0,0.0,0.0,0.0024741885964912284,0.0,0.0,0.0,0.00110225,0.0,0.0,0.0,0.0005263076923076922,0.0,0.00019081300813008132,0.005547222222222222,0.0,0.0,0.0,8.293333333333333e-05,0.006288852459016394,0.0
Caulobacterales,0.00026384615384615384,0.0,0.0,0.0,0.0,0.0,0.0,0.0,0.0,0.0,0.0,0.10155782608695653,0.0,0.0,0.0,0.0,0.0,0.0,0.0,0.0,0.0,0.0,0.0,0.0,0.0,0.0,0.0,0.0,0.0,0.0,0.0,0.0,0.0,0.0,0.0,0.0,0.0,0.0,0.0,0.0,0.0,0.0,0.0,0.0,0.0,0.0,0.0,0.0,0.0,0.0,0.0,0.0,0.0,0.0,0.0,0.0,0.0,0.0
Vibrionales,0.0002449169772958319,0.0,0.0,0.0,0.0,0.0,0.0,0.0,0.0,0.0,0.0,0.0,0.0,0.0,0.0,0.0,0.0,0.0,0.0,0.0,0.0,0.0,0.0,0.0,0.0,0.0,0.0,0.0,0.0,0.0,0.0,0.0,0.0,0.0,0.0,0.00042687499999999995,0.0,0.0,0.0,0.0,0.0,0.0,0.0,0.0,0.0,0.0,0.0,0.0,0.0,0.0,0.008480853658536585,0.0,0.0,0.0,0.0,0.0,0.0,0.0
Flavobacteriales,0.00013051395007342145,0.0,0.0,0.0,0.0,0.0,0.0,0.0,0.0,0.0,0.0,0.0004282608695652174,0.0,0.0,0.0,0.0,0.0,0.0,0.0,0.0,0.0,5.216374269005848e-05,0.0,0.0,0.0,0.0,0.0,0.0,0.0,0.0028042222222222223,0.0,0.0,0.00043799999999999997,0.0,0.0,0.0,0.0,0.0,0.0,0.0,0.0,0.0,0.0,0.0,0.0,0.005248681318681319,0.0,0.0,0.0,0.0,0.0,0.0,3.706896551724138e-05,0.00020200000000000003,0.0,2.2144444444444443e-05,0.0,0.0
Rhodospirillales,0.00010460521856997629,0.0,3.301094890510949e-05,0.0,0.0,0.0,0.0,0.0,0.0,0.0,0.0,0.01966695652173913,0.0,0.0,0.0,0.0,0.0,0.0,0.0,0.0,0.0,0.0,0.0,0.0,0.0,0.0,0.0,0.0,0.0,0.0,0.0,0.0,0.0,0.0,0.0,0.0004004166666666667,0.0,0.0,0.0,0.0,0.0,0.0,0.0014235714285714286,0.0,0.0,0.001872197802197802,0.0,0.0,0.0,0.0,0.0,0.0,0.0,0.0,0.0,0.0,0.0,0.0
Mastigamoebida,7.101434541963178e-05,0.0,1.2244525547445255e-05,0.0,0.0,0.0,2.3043478260869567e-05,0.0,0.0,0.0,0.0,0.0,0.0,0.0,0.0,0.0,0.0,0.0,1.0917874396135264e-05,0.0,0.0,0.0,0.0,0.0,0.0003175,0.0,0.0,0.0,0.0,0.0,0.0,0.0,0.0,0.00042251012145748986,0.0,0.0,0.0,0.0,0.0,0.0,0.0,0.0,0.0,0.0,0.0,0.0,0.0,0.0,0.0,0.0,0.0,0.0,0.0,0.0,0.0,0.0004556777777777778,0.0,0.0
Malasseziales,6.430249632892804e-05,0.0,0.0,0.0,0.0,0.0,0.0,0.0189225,0.0,0.0,0.0,0.011162608695652172,0.0,0.0,0.0,0.0,0.0,0.0,0.0,0.0,0.0,0.0,0.0,0.0,0.0,0.0,0.0,0.0,0.0,0.0,0.0,0.0,0.0,0.0,0.0,0.0,0.0,0.0,0.0,5.5e-05,0.0,0.0,0.0,0.0,0.0,0.0012515934065934066,0.0,0.0,0.0,0.0,0.0,0.0,0.0,0.0,0.0,8.955555555555555e-06,0.0,0.0
Anaerolineales,5.894160171693212e-05,0.0,0.0,0.0,0.0,0.0,0.0,0.0,0.0,0.0,0.0,0.0,0.0,0.0,0.0,0.0,0.0,0.0,0.0,0.0,0.0,0.0,0.0,0.0,0.0,0.0,0.0,0.0,0.0,0.0,0.0,0.0005622952586206897,0.0,0.0,0.0,0.0,0.0,0.0,0.0,0.0,0.0,0.0,0.0,0.0,0.0,0.0,0.0,0.0,0.0,0.0,0.0,0.0,0.0,0.0,0.0,0.0,0.0,0.0
Sphingomonadales,3.814187281147633e-05,0.0,0.0,0.0,0.0,0.0,0.0,0.0,0.0,0.0,0.0,0.013881304347826086,0.0,0.0,0.0,0.0,0.0,0.0,0.0,0.0,0.0,0.0,0.0,0.0,0.0,0.0,0.0,0.0,0.0,0.0,0.0,0.0,0.0,0.0,0.0,9.583333333333334e-05,0.0,0.0,0.0,0.0,0.0,0.0,0.0,0.0,0.0,0.0,0.0,0.0,0.0,0.0,0.0,0.0,0.0,0.0,0.0,0.0,0.0,0.0
Limnochordales,3.0891223314130804e-05,0.0,0.0,0.0,0.0,0.0,0.0,0.0,0.0,0.0,0.0,0.0,0.0,0.0,0.0,0.0,0.0,0.0,0.0,0.0,0.0,0.0,0.0,0.0,0.0006459246575342465,0.0,0.0,0.0,2.0017793594306047e-06,0.0,0.0,0.0,0.0,0.00033449392712550614,0.0,0.0,0.0,0.0,0.0,0.0,0.0,0.0,0.0,0.0,0.0,0.0,0.0,0.0,0.0,0.0,0.0,0.0,0.0,0.0,0.0,0.0,0.0,0.0
Hyphomicrobiales,2.6219360668699876e-05,0.0,0.0,0.0,0.0,0.0,0.0,0.0,0.0,0.0,0.0,0.0037843478260869566,0.0,0.0,0.0,0.0,0.0,0.0,0.0,0.0,0.0,0.0,0.0,0.0,0.0,0.0,0.0,0.0,0.0,0.0,0.0,0.0,0.0,3.2591093117408905e-05,0.0,3.4218749999999995e-05,0.0,0.0,0.0,0.0,0.0,0.0007372413793103449,0.0,0.0,0.0,1.1978021978021978e-05,0.0,0.0,0.0,0.0,0.0,0.0,0.0,0.0,0.0,0.0,0.0,0.0
Thermoleophilales,2.5935840957867384e-05,0.0,0.0,0.0,0.0,0.0,0.0,0.0,0.0,0.0,0.0,0.0,0.0,0.0,0.0,0.0,0.0,0.0,0.0,0.0,0.0,0.0,0.0,0.0,0.0005365068493150685,0.0,0.0,0.0,0.0,0.0,0.0,0.0,0.0,0.00029534412955465586,0.0,0.0,0.0,0.0,0.0,0.0,0.0,0.0,0.0,0.0,0.0,0.0,0.0,0.0,0.0,0.0,0.0,0.0,0.0,0.0,0.0,0.0,0.0,0.0
Oscillatoriales,2.3514063029481532e-05,0.0,0.0001899361313868613,0.0,0.0,0.0,0.0,0.0,0.0,0.0,0.0,0.0,0.0,0.0,0.0,0.0,0.0,0.0,0.0,0.0,0.0,0.0,0.0,0.0,0.0,0.0,0.0,0.0,0.0,0.0,0.0,0.0,0.0,0.0,0.0,0.0,0.0,0.0,0.0,0.0,0.0,0.0,0.0,0.0,0.0,0.0,0.0,0.0,0.0,0.0,0.0,0.0,0.0,0.0,0.0,0.0,0.0,0.0
Bacteroidetes_NA_NA,1.7396362814865015e-05,0.0,0.0,0.0,0.0,0.0,4.972332015810277e-05,0.0,0.0,0.0,0.0,0.0,0.0,2.3448275862068966e-06,0.0,0.0,0.0,0.0,0.0,0.0,0.0,0.0,0.0,0.0,0.0,0.0,0.0,0.0,0.0,0.001395777777777778,0.0,5.1627155172413796e-05,0.0,0.0,0.0,0.0,0.0,0.0,0.0,0.0,0.0,0.0,0.0,0.0,0.0,0.0,0.0,0.0,0.0,2.7062146892655367e-05,0.00010398373983739837,0.0,0.0,0.0,0.0,0.0,0.0,0.0
Chlamydiales,1.5999096351519262e-05,0.0,0.0,0.0,0.0,0.0,0.0,0.0,0.0,0.0,0.0,0.0,0.0,0.0,0.0,0.0,0.0,0.0,0.0,0.0,0.0,0.0,0.0,0.0,0.0,0.0,0.0025039024390243903,0.0,0.0,0.0,0.0,0.0,0.0,0.0,0.0,0.00011828125,0.0,0.0,0.0,0.0,0.0,0.0,0.0,0.0,0.0,0.0,0.0,0.0,0.0,0.0,0.0,0.0,0.0,0.0,0.00043972972972972974,0.0,0.0,0.0
Alteromonadales,9.49847509318875e-06,0.0,0.0,0.0,0.0,0.0,0.0,0.0,0.0,0.0,0.0,0.0,0.0,0.0,0.0,0.0,0.0,0.0,0.0,0.0,0.0,0.0,0.0,0.0,0.0,0.0,0.0,0.0,0.0,0.0,0.0,0.0,0.0,0.0,0.0,0.00043796875,0.0,0.0,0.0,0.0,0.0,0.0,0.0,0.0,0.0,0.0,0.0,0.0,0.0,0.0,0.0,0.0,0.0,0.0,0.0,0.0,0.0,0.0
Cardiobacteriales,8.766519823788546e-06,0.0,0.0,0.0,0.0,0.0,4.347826086956522e-07,0.0,0.0,0.0,0.0,0.0,0.0,0.0,0.0,0.0,0.0,0.0,0.0,0.0,0.0,3.637426900584795e-05,0.0,0.0,0.0,0.0,0.0,0.0,0.0,0.0012333333333333332,0.0,0.0,0.0,0.0,0.0,0.0,5.789473684210527e-06,0.0,0.0,0.0,0.0,0.0,0.0,0.0,0.0001095,0.0,0.0,0.0,0.0,0.0,1.3130081300813007e-05,0.0,0.0,0.0001668888888888889,0.0,0.0,0.0,0.0
Chloroflexales,6.801084378176887e-06,0.0,0.0,0.0,0.0,0.0,0.0,0.0,0.0,0.0,0.0,0.0,0.0,0.0,0.0,0.0,0.0,0.0,0.0,0.0,0.0,0.0,0.0,0.0,0.0001673630136986301,0.0,0.0,0.0,0.0,0.0,0.0,0.0,0.0,4.591093117408907e-05,0.0,0.0,0.0,0.0,0.0,0.0,0.0,0.0,0.0,0.0,0.0,0.0,0.0,0.0,0.0,0.0,0.0,0.0,0.0,0.0,0.0,0.0,0.0,0.0
Gammaproteobacteria_NA,6.051056139161867e-06,0.0,2.655109489051095e-06,0.0,0.0,0.0,0.0,0.0,0.0,0.0,0.0,0.0,0.0,0.0,0.00022616438356164382,0.0,0.0,0.0,0.0,0.0,0.0,0.0,0.0,0.0,3.86986301369863e-06,0.0,0.0,0.0,0.0,0.0,0.0,0.0,0.0,0.0,0.0,0.0,0.0,0.0,0.0,0.0,0.0,0.0,0.0,0.0,0.0,0.0,0.0,0.0,0.0,0.0,0.0,0.0,0.0,0.0,0.0,0.0,0.0,0.0
Oceanospirillales,5.281825369931097e-06,0.0,0.0,0.0,0.0,0.0,0.0,0.0,0.0,0.0,0.0,0.0020330434782608697,0.0,0.0,0.0,0.0,0.0,0.0,0.0,0.0,0.0,0.0,0.0,0.0,0.0,0.0,0.0,0.0,0.0,0.0,0.0,0.0,0.0,0.0,0.0,0.0,0.0,0.0,0.0,0.0,0.0,0.0,0.0,0.0,0.0,0.0,0.0,0.0,0.0,0.0,0.0,0.0,0.0,0.0,0.0,0.0,0.0,0.0
Thermococcales,4.999435219699537e-06,0.0,0.0,0.0,0.0,0.0,0.0,0.0,0.0,0.0,0.0,0.0,0.0,0.0,0.0,0.0,0.0,0.0,0.0,0.0,0.0,0.0,0.0,0.0,0.0,0.0,0.0,0.0,0.0,0.0,0.0,0.0,0.0,0.0,0.0,0.00023052083333333334,0.0,0.0,0.0,0.0,0.0,0.0,0.0,0.0,0.0,0.0,0.0,0.0,0.0,0.0,0.0,0.0,0.0,0.0,0.0,0.0,0.0,0.0
Isosphaerales,4.584886479159607e-06,0.0,0.0,0.0,0.0,0.0,0.0,0.0,0.0,0.0,0.0,0.0,0.0,0.0,0.0,0.0,0.0,0.0,0.0,0.0,0.0,0.0,0.0,0.0,9.893835616438357e-05,0.0,0.0,0.0,0.0,0.0,0.0,0.0,0.0,4.736842105263158e-05,0.0,0.0,0.0,0.0,0.0,0.0,0.0,0.0,0.0,0.0,0.0,0.0,0.0,0.0,0.0,0.0,0.0,0.0,0.0,0.0,0.0,0.0,0.0,0.0
Rhodobacterales,3.152603637185135e-06,0.0,0.0,0.0,0.0,0.0,0.0,0.0,0.0,0.0,0.0,0.0,0.0,0.0,0.0,0.0,0.0,0.0,0.0,0.0,0.0,0.0,0.0,0.0,0.0,0.0,0.0,0.0,2.4830960854092527e-05,0.0,0.0,0.0,0.0,0.0,0.0,0.0,0.0,0.0,0.0,0.0,0.0,0.0,0.0,0.0,0.0,0.0,0.0,0.0,0.0,0.0,0.0,0.0,0.0,0.0,0.0,0.0,0.0,0.0
Thermales,3.1153281373545692e-06,0.0,0.0,0.0,0.0,0.0,0.0,0.0,0.0,0.0,0.0,0.0,0.0,0.0,0.0,0.0,0.0,0.0,0.0,0.0,0.0,0.0,0.0,0.0,0.0,0.0,0.0,0.0,0.0,0.0,0.0,0.0,0.0,0.0,0.0,3.78125e-05,0.0,0.0,0.0,0.0,0.0,0.0,0.0,0.0,0.0,0.0,0.0,0.0,0.0,0.0,8.260162601626017e-05,0.0,0.0,0.0,0.0,0.0,0.0,0.0
Hydrogenophilales,3.021574607477691e-06,0.0,0.0,0.0,0.0,0.0,0.0,0.0,0.0,0.0,0.0,0.0011630434782608696,0.0,0.0,0.0,0.0,0.0,0.0,0.0,0.0,0.0,0.0,0.0,0.0,0.0,0.0,0.0,0.0,0.0,0.0,0.0,0.0,0.0,0.0,0.0,0.0,0.0,0.0,0.0,0.0,0.0,0.0,0.0,0.0,0.0,0.0,0.0,0.0,0.0,0.0,0.0,0.0,0.0,0.0,0.0,0.0,0.0,0.0
Desulfobacterales,1.4898904326217103e-06,0.0,0.0,0.0,0.0,0.0,0.0,0.0,0.0,0.0,0.0,0.0,0.0,0.0,0.0,0.0,0.0,0.0,0.0,0.0,0.0,0.0,0.0,0.0,0.0,0.0,0.0,0.0,0.0,0.0002931111111111111,0.0,0.0,0.0,0.0,0.0,0.0,0.0,0.0,0.0,0.0,0.0,0.0,0.0,0.0,0.0,0.0,0.0,0.0,0.0,0.0,0.0,0.0,0.0,0.0,0.0,0.0,0.0,0.0
Acholeplasmatales,1.4300237207726196e-06,0.0,0.0,0.0,0.0,0.0,0.0,0.0,0.0,0.0,0.0,0.0,0.0,0.0,0.0,0.0,0.0,0.0,0.0,0.0,0.0,0.0,0.0,0.0,3.188356164383562e-05,0.0,0.0,0.0,0.0,0.0,0.0,0.0,0.0,1.3562753036437248e-05,0.0,0.0,0.0,0.0,0.0,0.0,0.0,0.0,0.0,0.0,0.0,0.0,0.0,0.0,0.0,0.0,0.0,0.0,0.0,0.0,0.0,0.0,0.0,0.0
Elusimicrobiales,1.4232463571670621e-06,0.0,0.0,0.0,0.0,0.0,0.0,0.0,0.0,0.0,0.0,0.0,0.0,0.0,0.0,0.0,0.0,0.0,0.0,0.0,0.0,0.0,0.0,0.0,4.315068493150685e-05,0.0,0.0,0.0,0.0,0.0,0.0,0.0,0.0,0.0,0.0,0.0,0.0,0.0,0.0,0.0,0.0,0.0,0.0,0.0,0.0,0.0,0.0,0.0,0.0,0.0,0.0,0.0,0.0,0.0,0.0,0.0,0.0,0.0
Rickettsiales,1.1724839037614368e-06,0.0,0.0,0.0,0.0,0.0,0.0,0.0,0.0,0.0,0.0,0.0,0.0,0.0,0.0,0.0,0.0,0.0,0.0,0.0,0.0,0.0,0.0,0.0,0.0,0.0,0.0,0.0,0.0,0.0,0.0,0.0,0.0,0.0,0.0,0.0,0.0,0.0,0.0,0.0,0.0,0.0,0.0,0.0,0.0,0.0,0.0,0.0,0.0,0.0,0.0,0.0,0.0,0.0,0.0,1.1533333333333334e-05,0.0,0.0
Sphingobacteriales,9.047780413419179e-07,0.0,0.0,0.0,0.0,0.0,0.0,0.0,0.0,0.0,0.0,0.0,0.0,0.0,0.0,0.0,0.0,0.0,0.0,0.0,0.0,0.0,0.0,0.0,0.0,0.0,0.0,0.0,2.758007117437722e-07,0.0,0.0,0.0,0.0,0.0,0.0,0.0,0.0,0.0,0.0,0.0,0.0,0.0,0.0,0.0,0.0,0.0,0.0,0.0,0.0,0.0,0.0,0.0,0.0,0.0,0.0,0.0,0.0,9.871794871794872e-05
Trypanosomatida,8.48300011295606e-07,0.0,0.0,0.0,0.0,0.0,0.0,0.0,0.0,0.0,0.0,0.0,0.0,0.0,0.0,0.0,0.0,0.0,0.0,0.0,0.0,0.0,0.0,0.0,0.0,0.0,0.0,0.0,0.0,0.0,0.0,0.0,0.0,0.0,0.0,0.0,0.0,0.0,0.00010430555555555555,0.0,0.0,0.0,0.0,0.0,0.0,0.0,0.0,0.0,0.0,0.0,0.0,0.0,0.0,0.0,0.0,0.0,0.0,0.0
Rubrobacterales,5.162091946232916e-07,0.0,0.0,0.0,0.0,0.0,0.0,0.0,0.0,0.0,0.0,0.0,0.0,0.0,0.0,0.0,0.0,0.0,0.0,0.0,0.0,0.0,0.0,0.0,1.565068493150685e-05,0.0,0.0,0.0,0.0,0.0,0.0,0.0,0.0,0.0,0.0,0.0,0.0,0.0,0.0,0.0,0.0,0.0,0.0,0.0,0.0,0.0,0.0,0.0,0.0,0.0,0.0,0.0,0.0,0.0,0.0,0.0,0.0,0.0
Deferribacterales,2.688354230204451e-07,0.0,0.0,0.0,0.0,0.0,0.0,0.0,0.0,0.0,0.0,0.0,0.0,0.0,0.0,0.0,0.0,0.0,0.0,0.0,0.0,0.0,0.0,0.0,8.15068493150685e-06,0.0,0.0,0.0,0.0,0.0,0.0,0.0,0.0,0.0,0.0,0.0,0.0,0.0,0.0,0.0,0.0,0.0,0.0,0.0,0.0,0.0,0.0,0.0,0.0,0.0,0.0,0.0,0.0,0.0,0.0,0.0,0.0,0.0
Chromatiales,1.8637749915282956e-07,0.0,0.0,0.0,0.0,0.0,0.0,0.0,0.0,0.0,0.0,0.0,0.0,0.0,0.0,0.0,0.0,0.0,0.0,0.0,0.0,0.0,0.0,0.0,0.0,0.0,0.0,0.0,1.4679715302491103e-06,0.0,0.0,0.0,0.0,0.0,0.0,0.0,0.0,0.0,0.0,0.0,0.0,0.0,0.0,0.0,0.0,0.0,0.0,0.0,0.0,0.0,0.0,0.0,0.0,0.0,0.0,0.0,0.0,0.0
Pseudonocardiales,3.275725742686095e-08,0.0,0.0,0.0,0.0,0.0,0.0,0.0,0.0,0.0,0.0,0.0,0.0,0.0,0.0,0.0,0.0,0.0,0.0,0.0,0.0,0.0,0.0,0.0,0.0,0.0,0.0,0.0,0.0,0.0,0.0,0.0,0.0,0.0,0.0,0.0,2.543859649122807e-06,0.0,0.0,0.0,0.0,0.0,0.0,0.0,0.0,0.0,0.0,0.0,0.0,0.0,0.0,0.0,0.0,0.0,0.0,0.0,0.0,0.0
Chitinophagales,0.0,0.0,0.0,0.0,0.0,0.0,0.0,0.0,0.0,0.0,0.0,0.0,0.0,0.0,0.0,0.0,0.0,0.0,0.0,0.0,0.0,0.0,0.0,0.0,0.0,0.0,0.0,0.0,0.0,0.0,0.0,0.0,0.0,0.0,0.0,0.0,0.0,0.0,0.0,0.0,0.0,0.0,0.0,0.0,0.0,0.0,0.0,0.0,0.0,0.0,0.0,0.0,0.0,0.0,0.0,0.0,0.0,0.0
Chroococcales,0.0,0.0,0.0,0.0,0.0,0.0,0.0,0.0,0.0,0.0,0.0,0.0,0.0,0.0,0.0,0.0,0.0,0.0,0.0,0.0,0.0,0.0,0.0,0.0,0.0,0.0,0.0,0.0,0.0,0.0,0.0,0.0,0.0,0.0,0.0,0.0,0.0,0.0,0.0,0.0,0.0,0.0,0.0,0.0,0.0,0.0,0.0,0.0,0.0,0.0,0.0,0.0,0.0,0.0,0.0,0.0,0.0,0.0
Chroococcidiopsidales,0.0,0.0,0.0,0.0,0.0,0.0,0.0,0.0,0.0,0.0,0.0,0.0,0.0,0.0,0.0,0.0,0.0,0.0,0.0,0.0,0.0,0.0,0.0,0.0,0.0,0.0,0.0,0.0,0.0,0.0,0.0,0.0,0.0,0.0,0.0,0.0,0.0,0.0,0.0,0.0,0.0,0.0,0.0,0.0,0.0,0.0,0.0,0.0,0.0,0.0,0.0,0.0,0.0,0.0,0.0,0.0,0.0,0.0
Coprothermobacterales,0.0,0.0,0.0,0.0,0.0,0.0,0.0,0.0,0.0,0.0,0.0,0.0,0.0,0.0,0.0,0.0,0.0,0.0,0.0,0.0,0.0,0.0,0.0,0.0,0.0,0.0,0.0,0.0,0.0,0.0,0.0,0.0,0.0,0.0,0.0,0.0,0.0,0.0,0.0,0.0,0.0,0.0,0.0,0.0,0.0,0.0,0.0,0.0,0.0,0.0,0.0,0.0,0.0,0.0,0.0,0.0,0.0,0.0
Eurotiales,0.0,0.0,0.0,0.0,0.0,0.0,0.0,0.0,0.0,0.0,0.0,0.0,0.0,0.0,0.0,0.0,0.0,0.0,0.0,0.0,0.0,0.0,0.0,0.0,0.0,0.0,0.0,0.0,0.0,0.0,0.0,0.0,0.0,0.0,0.0,0.0,0.0,0.0,0.0,0.0,0.0,0.0,0.0,0.0,0.0,0.0,0.0,0.0,0.0,0.0,0.0,0.0,0.0,0.0,0.0,0.0,0.0,0.0
Eucoccidiorida,0.0,0.0,0.0,0.0,0.0,0.0,0.0,0.0,0.0,0.0,0.0,0.0,0.0,0.0,0.0,0.0,0.0,0.0,0.0,0.0,0.0,0.0,0.0,0.0,0.0,0.0,0.0,0.0,0.0,0.0,0.0,0.0,0.0,0.0,0.0,0.0,0.0,0.0,0.0,0.0,0.0,0.0,0.0,0.0,0.0,0.0,0.0,0.0,0.0,0.0,0.0,0.0,0.0,0.0,0.0,0.0,0.0,0.0
Immundisolibacterales,0.0,0.0,0.0,0.0,0.0,0.0,0.0,0.0,0.0,0.0,0.0,0.0,0.0,0.0,0.0,0.0,0.0,0.0,0.0,0.0,0.0,0.0,0.0,0.0,0.0,0.0,0.0,0.0,0.0,0.0,0.0,0.0,0.0,0.0,0.0,0.0,0.0,0.0,0.0,0.0,0.0,0.0,0.0,0.0,0.0,0.0,0.0,0.0,0.0,0.0,0.0,0.0,0.0,0.0,0.0,0.0,0.0,0.0
Synechococcales,0.0,0.0,0.0,0.0,0.0,0.0,0.0,0.0,0.0,0.0,0.0,0.0,0.0,0.0,0.0,0.0,0.0,0.0,0.0,0.0,0.0,0.0,0.0,0.0,0.0,0.0,0.0,0.0,0.0,0.0,0.0,0.0,0.0,0.0,0.0,0.0,0.0,0.0,0.0,0.0,0.0,0.0,0.0,0.0,0.0,0.0,0.0,0.0,0.0,0.0,0.0,0.0,0.0,0.0,0.0,0.0,0.0,0.0
Streptosporangiales,0.0,0.0,0.0,0.0,0.0,0.0,0.0,0.0,0.0,0.0,0.0,0.0,0.0,0.0,0.0,0.0,0.0,0.0,0.0,0.0,0.0,0.0,0.0,0.0,0.0,0.0,0.0,0.0,0.0,0.0,0.0,0.0,0.0,0.0,0.0,0.0,0.0,0.0,0.0,0.0,0.0,0.0,0.0,0.0,0.0,0.0,0.0,0.0,0.0,0.0,0.0,0.0,0.0,0.0,0.0,0.0,0.0,0.0
Streptomycetales,0.0,0.0,0.0,0.0,0.0,0.0,0.0,0.0,0.0,0.0,0.0,0.0,0.0,0.0,0.0,0.0,0.0,0.0,0.0,0.0,0.0,0.0,0.0,0.0,0.0,0.0,0.0,0.0,0.0,0.0,0.0,0.0,0.0,0.0,0.0,0.0,0.0,0.0,0.0,0.0,0.0,0.0,0.0,0.0,0.0,0.0,0.0,0.0,0.0,0.0,0.0,0.0,0.0,0.0,0.0,0.0,0.0,0.0
Nitrosomonadales,0.0,0.0,0.0,0.0,0.0,0.0,0.0,0.0,0.0,0.0,0.0,0.0,0.0,0.0,0.0,0.0,0.0,0.0,0.0,0.0,0.0,0.0,0.0,0.0,0.0,0.0,0.0,0.0,0.0,0.0,0.0,0.0,0.0,0.0,0.0,0.0,0.0,0.0,0.0,0.0,0.0,0.0,0.0,0.0,0.0,0.0,0.0,0.0,0.0,0.0,0.0,0.0,0.0,0.0,0.0,0.0,0.0,0.0
Orbales,0.0,0.0,0.0,0.0,0.0,0.0,0.0,0.0,0.0,0.0,0.0,0.0,0.0,0.0,0.0,0.0,0.0,0.0,0.0,0.0,0.0,0.0,0.0,0.0,0.0,0.0,0.0,0.0,0.0,0.0,0.0,0.0,0.0,0.0,0.0,0.0,0.0,0.0,0.0,0.0,0.0,0.0,0.0,0.0,0.0,0.0,0.0,0.0,0.0,0.0,0.0,0.0,0.0,0.0,0.0,0.0,0.0,0.0
Pelagibacterales,0.0,0.0,0.0,0.0,0.0,0.0,0.0,0.0,0.0,0.0,0.0,0.0,0.0,0.0,0.0,0.0,0.0,0.0,0.0,0.0,0.0,0.0,0.0,0.0,0.0,0.0,0.0,0.0,0.0,0.0,0.0,0.0,0.0,0.0,0.0,0.0,0.0,0.0,0.0,0.0,0.0,0.0,0.0,0.0,0.0,0.0,0.0,0.0,0.0,0.0,0.0,0.0,0.0,0.0,0.0,0.0,0.0,0.0
Leptospirales,0.0,0.0,0.0,0.0,0.0,0.0,0.0,0.0,0.0,0.0,0.0,0.0,0.0,0.0,0.0,0.0,0.0,0.0,0.0,0.0,0.0,0.0,0.0,0.0,0.0,0.0,0.0,0.0,0.0,0.0,0.0,0.0,0.0,0.0,0.0,0.0,0.0,0.0,0.0,0.0,0.0,0.0,0.0,0.0,0.0,0.0,0.0,0.0,0.0,0.0,0.0,0.0,0.0,0.0,0.0,0.0,0.0,0.0
