,Unnamed: 0.1,Unnamed: 0,notes,strain,species,experiment,experiment_short,exp_number,medium,experimentator,sample_number,growth_rate,use_in_study,growthcurve_OD,growthcurve_time,exp_number_usedonly,pH,num_av,date_of_experiment,glucose,glucose_y0,glucose_OD,glucose_conc,acetate,acetate_y0,acetate_OD,acetate_conc,propionate,propionate_y0,propionate_OD,propionate_conc,succinate,succinate_y0,succinate_OD,succinate_conc,lactate,lactate_y0,lactate_OD,lactate_conc,butyrate,formate,formate_y0,formate_OD,formate_conc,maltose,maltose_y0,maltose_OD,maltose_conc,butyrate_y0,butyrate_OD,butyrate_conc,glucose_std,acetate_std,propionate_std,succinate_std,lactate_std,butyrate_std,formate_std,maltose_std,total_ferm,total_ferm_std,total_uptake,total_uptake_std,growth_rate_std
0,40.0,54.0,5.83,ATCC29148,B.theta,Markus_old_Bt6,Markus_old_Bt6,67,epsilon,Markus,,0.657623091,yes,"[0.019,0.028,0.043,0.064,0.086,0.12,0.157,0.208,0.269]","[0.,0.63333333,1.26666667,1.81666667,2.28333333,2.76666667,
3.25,3.63333333,4.06666667]",41.0,5.83,1.0,2015.0,-6.18587441062752,19.437366225335037,[0.086 0.157 0.208 0.269],[19.02580578 18.36284734 17.97916287 17.92781934],4.741266363641708,0.0021572872476581,[0.086 0.157 0.208 0.269],[0.41058417 0.75792532 0.96539543 1.28843601],1.5247580878716656,-0.0513278920369737,[0.086 0.157 0.208 0.269],[0.05034968 0.230417   0.27640482 0.33534275],3.340604151490081,-0.0243719400789844,[0.086 0.157 0.208 0.269],[0.27354686 0.49574557 0.64659355 0.89186125],0.0,,,,0.0,0.7932252851135089,0.0754862736339939,[0.086 0.157 0.208 0.269],[0.19122285 0.13561404 0.21617796 0.33005246],,,,,,,,,,,,,,,,,,,,
1,41.0,53.0,5.95,ATCC29148,B.theta,Markus_old_Bt5,Markus_old_Bt5,66,epsilon,Markus,,0.833812552,yes,"[0.019,0.032,0.053,0.085,0.127,0.198,0.285,0.385]","[0.,0.63333333,1.28333333,1.83333333,2.28333333,2.78333333,
3.25,3.65]",42.0,5.95,1.0,2015.0,-8.846866880117384,19.9648369629343,[0.127 0.198 0.285 0.385],[18.7304311  18.21546637 17.72516471 16.38565313],4.735056530444136,-0.0418703074905649,[0.127 0.198 0.285 0.385],[0.53220997 0.93320923 1.30778561 1.77069521],1.28729510763787,-0.0355661724734751,[0.127 0.198 0.285 0.385],[0.16872628 0.1895921  0.28162144 0.49865412],3.10473614718912,-0.0293764689518817,[0.127 0.198 0.285 0.385],[0.36460364 0.58255097 0.8615578  1.16299418],0.0,,,,0.0,0.863651762910797,-0.0055458535512239,[0.127 0.198 0.285 0.385],[0.08827393 0.22590465 0.16848724 0.35448427],,,,,,,,,,,,,,,,,,,,
2,42.0,66.0,6.61,ATCC29148,B.theta,Markus_old_Bt8,Markus_old_Bt8,79,epsilon,Markus,,1.034359136,no,"[0.042,0.063,0.101,0.151,0.231,0.373,0.482]","[0.,0.36666667,0.76666667,1.18333333,1.58333333,2.06666667,
2.36666667]",,6.61,1.0,2015.0,-5.622357202474766,22.06376693032975,[0.101 0.231 0.373 0.482],[21.39406666 20.91278096 19.98231081 19.29217129],4.640222509150609,0.3510042484218986,[0.101 0.231 0.373 0.482],[0.8783707  1.35950491 2.02258579 2.65149972],0.8924938233760802,-0.2023121245524417,[0.101 0.231 0.373 0.482],[-0.10086946 -0.00910656  0.120932    0.23918569],2.767166481384227,-0.1596939866334329,[0.101 0.231 0.373 0.482],[0.14304779 0.45874736 0.83900055 1.20505496],0.0,,,,0.0,0.0,,,,,,,,,,,,,,,,,,,,,,,
3,43.0,65.0,7.14,ATCC29148,B.theta,Markus_old_Bt7,Markus_old_Bt7,78,epsilon,Markus,,1.04300345,no,"[0.04,0.062,0.102,0.145,0.23,0.365,0.482]","[0.,0.36666667,0.78333333,1.18333333,1.58333333,2.08333333,
2.36666667]",,7.14,1.0,2015.0,-6.9215006506086985,22.282197426607578,[0.102 0.23  0.365 0.482],[21.56905266 20.69479349 19.76929636 18.93519793],4.907247316172945,0.2530517550963996,[0.102 0.23  0.365 0.482],[0.7893246  1.33769567 2.02295781 2.64787352],0.0,,,,2.5525496529028273,-0.122587059735192,[0.102 0.23  0.365 0.482],[0.14705485 0.45463383 0.80019624 1.11722289],0.0,,,,0.0,0.0,,,,,,,,,,,,,,,,,,,,,,,
4,44.0,52.0,5.63,ATCC29148,B.theta,Markus_old_Bt4,Markus_old_Bt4,65,epsilon,Markus,,0.403379475,yes,"[0.043,0.054,0.072,0.089,0.115,0.138,0.167,0.205,0.24,0.281]","[0.,0.61666667,1.28333333,1.9,2.48333333,2.9,
3.4,3.86666667,4.26666667,4.71666667]",43.0,5.63,1.0,2015.0,-8.880491057380997,19.910526518554967,[0.089 0.167 0.24  0.281],[19.1416481  18.43334777 17.66229191 17.50467674],4.773560793199094,-0.0031535058357342,[0.089 0.167 0.24  0.281],[0.40629614 0.83536248 1.09968409 1.3551    ],0.7927254983789901,0.2006342708016725,[0.089 0.167 0.24  0.281],[0.29398791 0.30294497 0.3677343  0.45381761],3.4384884082376925,0.0393616608524694,[0.089 0.167 0.24  0.281],[0.34120361 0.62348644 0.85667091 1.00779118],0.0,,,,0.0,6.466776934230567,-1.5740668682244612,[0.089 0.24  0.281],[-1.0338654   0.14346207  0.11293665],,,,,,,,,,,,,,,,,,,,
5,45.0,67.0,6.21,ATCC29148,B.theta,Markus_old_Bt9,Markus_old_Bt9,80,epsilon,Markus,,0.961136723,no,"[0.032,0.044,0.067,0.102,0.149,0.244,0.312,0.415]","[0.,0.36666667,0.78333333,1.18333333,1.58333333,2.08333333,
2.36666667,2.71666667]",,6.21,1.0,2015.0,-5.310791797315374,21.30984890448017,[0.102 0.244 0.312 0.415],[20.83988228 19.84064555 19.72272179 19.1376664 ],4.374721706461835,0.4253601045302896,[0.102 0.244 0.312 0.415],[0.93967019 1.39831101 1.74022077 2.31731484],0.8659116901747395,-0.1843570347985063,[0.102 0.244 0.312 0.415],[-0.09104196  0.02122244  0.08010536  0.18140927],3.170460498537639,-0.2241300682649314,[0.102 0.244 0.312 0.415],[0.13714226 0.49522421 0.73997199 1.13304537],0.0,,,,0.0,0.0,,,,,,,,,,,,,,,,,,,,,,,
6,46.0,68.0,6.12,ATCC29148,B.theta,Markus_old_Bt10,Markus_old_Bt10,81,epsilon,Markus,,0.916207089,no,"[0.038,0.055,0.081,0.12,0.191,0.248,0.336,0.435]","[0.,0.41666667,0.83333333,1.23333333,1.71666667,2.01666667,
2.35,2.71666667]",,6.12,1.0,2015.0,-4.559782181366872,21.431728936000138,[0.12  0.191 0.336 0.435],[20.62858283 20.83479899 20.0388146  19.291035  ],4.763354136674829,0.3525161092804204,[0.12  0.191 0.336 0.435],[1.00743679 1.19506857 1.85364276 2.50786549],1.0295595852821469,-0.2352704224646939,[0.12  0.191 0.336 0.435],[-0.11230581 -0.0327213   0.09796573  0.21996316],3.187394264128334,-0.0993518319161423,[0.12  0.191 0.336 0.435],[0.29701011 0.51487207 0.91407914 1.32539196],0.0,,,,0.0,0.0,,,,,,,,,,,,,,,,,,,,,,,
7,48.0,73.0,5.98,ATCC29148,B.theta,Markus_old_Bt11,Markus_old_Bt11,86,epsilon,Markus,,0.742884286,no,"[0.028,0.041,0.073,0.13,0.204,0.294,0.419]","[0.,0.58333333,1.23333333,2.15,2.7,3.16666667,
3.65]",,5.98,1.0,2015.0,-3.9578877065497857,20.937423228597495,[0.13  0.204 0.294 0.419],[20.05665609 20.57830817 19.84948939 19.12133083],5.254635480292224,0.3880177738345519,[0.13  0.204 0.294 0.419],[1.10376611 1.43730209 1.89638117 2.61622508],0.0,,,,3.8520635337386864,-0.2816510353825748,[0.13  0.204 0.294 0.419],[0.22859151 0.50304477 0.83088636 1.34398374],0.0,,,,0.0,0.0,,,,,,,,,,,,,,,,,,,,,,,
8,50.0,51.0,6.19,ATCC29148,B.theta,Markus_old_Bt3,Markus_old_Bt3,64,epsilon,Markus,,0.977575301,yes,"[0.035,0.056,0.087,0.126,0.177,0.241,0.306,0.395]","[0.,0.45,0.86666667,1.28333333,1.58333333,1.91666667,
2.2,2.48333333]",46.0,6.19,1.0,2015.0,-5.558616961600451,19.13314790284015,[0.087 0.177 0.306 0.395],[18.63257135 18.23418595 17.28297279 17.01879615],4.686281835040207,-0.1312811095127457,[0.087 0.177 0.306 0.395],[0.30455317 0.66947488 1.27571792 1.74739156],1.0751779314445291,0.0240660023224722,[0.087 0.177 0.306 0.395],[0.11722331 0.2162851  0.34971168 0.45059062],2.859016714947259,-0.0396908630882118,[0.087 0.177 0.306 0.395],[0.23174013 0.44817015 0.80116584 1.11911156],0.0,,,,0.0,1.557065770359184,-0.17039912919434,[0.087 0.177 0.306 0.395],[-0.02854289  0.09942207  0.29810042  0.45199235],,,,,,,,,,,,,,,,,,,,
9,51.0,74.0,5.85,ATCC29148,B.theta,Markus_old_Bt12,Markus_old_Bt12,87,epsilon,Markus,,0.567487577,no,"[0.027,0.041,0.065,0.091,0.117,0.157,0.22,0.262,0.302,0.449]","[0.,0.81666667,1.55,2.11666667,2.58333333,3.06666667,
3.63333333,3.96666667,4.25,5.06666667]",,5.85,1.0,2015.0,-7.133812839713177,21.681436400799967,[0.091 0.22  0.302 0.449],[21.06815738 20.1680553  19.35227198 18.56115171],5.471755978684859,0.4327816187510435,[0.091 0.22  0.302 0.449],[1.00361136 1.55920075 2.02823767 2.95108155],1.229825218596201,-0.235837005829378,[0.091 0.22  0.302 0.449],[-0.11265103  0.0268083   0.12045108  0.32811802],3.9413491635770934,-0.0590999307548118,[0.091 0.22  0.302 0.449],[0.34226343 0.77152205 1.08401695 1.75151066],0.0,,,,0.0,0.0,,,,,,,,,,,,,,,,,,,,,,,
10,52.0,49.0,7.14,ATCC29148,B.theta,Markus_old_Bt1,Markus_old_Bt1,62,epsilon,Markus,,1.052826888,yes,"[0.053,0.088,0.136,0.209,0.287,0.401]","[0.,0.45,0.86666667,1.28333333,1.58333333,1.91666667]",47.0,7.14,1.0,2015.0,-5.960954848007948,19.25837345971052,[0.088 0.209 0.287 0.401],[18.7264299  17.99583276 17.59596898 16.84372166],4.8885455290724655,-0.1623847469639973,[0.088 0.209 0.287 0.401],[0.2926226  0.84056832 1.20407837 1.82840906],1.2362772722367723,0.2725417179303082,[0.088 0.209 0.287 0.401],[0.37765827 0.53969206 0.62267795 0.76787171],2.381186195489782,0.0110820593975609,[0.088 0.209 0.287 0.401],[0.23208633 0.50263923 0.67330986 0.98176122],0.0,,,,0.0,4.466428640475843,-1.134522995190647,[0.088 0.209 0.287 0.401],[-0.98405203  0.11800793  0.27601578  0.45136854],,,,,,,,,,,,,,,,,,,,
11,56.0,50.0,6.61,ATCC29148,B.theta,Markus_old_Bt2,Markus_old_Bt2,63,epsilon,Markus,,1.017009371,yes,"[0.05,0.076,0.121,0.184,0.256,0.351,0.458]","[0.,0.45,0.88333333,1.28333333,1.6,1.93333333,
2.2]",51.0,6.61,1.0,2015.0,-4.964175661891235,19.31133656566297,[0.121 0.184 0.351 0.458],[18.70567996 18.38684154 17.61302158 17.0097115 ],4.6921395491938656,-0.140419957080917,[0.121 0.184 0.351 0.458],[0.42462935 0.72472317 1.5104411  2.00557001],1.0824390099621022,-0.0201426913881806,[0.121 0.184 0.351 0.458],[0.09966755 0.18872638 0.37011755 0.46675482],2.6491630142403633,-0.0266879769678355,[0.121 0.184 0.351 0.458],[0.29442553 0.46052453 0.90198735 1.18747828],0.0,,,,0.0,1.7252026716945543,-0.1773195345986206,[0.121 0.184 0.351 0.458],[0.0293471  0.14510169 0.42202412 0.61612472],,,,,,,,,,,,,,,,,,,,
12,59.0,75.0,5.67,ATCC29148,B.theta,Markus_old_Bt13,Markus_old_Bt13,88,epsilon,Markus,,0.195579708,no,"[0.033,0.036,0.039,0.044,0.051,0.055,0.06,0.07,0.086,0.102,0.132,0.164,
0.214,0.274]","[0.,0.55,1.13333333,1.95,2.7,3.25,
3.71666667,4.76666667,5.76666667,6.68333333,7.75,8.6,
9.66666667,10.65]",,5.67,1.0,2015.0,-8.332105630482124,21.70494379809457,[0.086 0.164 0.214 0.274],[21.00866102 20.28318419 19.95970736 19.41912867],5.132487366719387,0.647772497005556,[0.086 0.164 0.214 0.274],[1.10466021 1.46695318 1.73891418 2.0683381 ],1.5352338391768,-0.2078881251456014,[0.086 0.164 0.214 0.274],[-0.07195215  0.03970913  0.11607888  0.21761422],4.0487367964170495,0.0869350915174273,[0.086 0.164 0.214 0.274],[0.44133285 0.74334921 0.9478124  1.20321367],0.0,,,,0.0,0.0,,,,,,,,,,,,,,,,,,,,,,,
13,77.0,182.0,6.66,DSM 1447,B.vulgatus,,hplc_analysis_revisions_zurich,238,pHvar,Markus,,0.7444562951806382,yes,"[0.237, 0.306, 0.406, 0.526, 0.67, nan, nan, nan]","[0.0, 0.383333333, 0.75, 1.066666667, 1.416666667, nan, nan, nan]",71.0,6.66,1.0,,-5.6629538731978935,17.954338578225762,[0.237 0.306 0.406 0.526 0.67 ],[16.51126833 16.18949921 15.75693147 15.17345771 13.99350011],5.8373810718126,10.666573344595832,[0.237 0.306 0.406 0.526 0.67 ],[12.14050044 12.34561871 13.01377048 13.77772747 14.57643203],1.3644981604739892,9.83448910987351,[0.237 0.306 0.406 0.526 0.67 ],[10.11897899 10.20208223 10.50054693 10.58995488 10.68773108],0.0,5.685601178401207,[0.237 0.306 0.406 0.526 0.67 ],[4.5932552  3.06545962 4.63172232 2.74376398 1.89117365],0.0,,,,0.0,2.250409640702317,1.4298945294366645,[0.237 0.306 0.406 0.526 0.67 ],[2.01068501 2.1785479  2.17655353 2.62539291 2.98542197],-1.1121209476169147,2.4379276563364387,[0.237 0.306 0.406 0.526 0.67 ],[2.23005913 2.22620299 2.18052949 1.00452809 2.16281915],,,,,,,,,,,,,,,,
14,78.0,183.0,6.66,DSM 1447,B.vulgatus,,hplc_analysis_revisions_zurich,239,pHvar,Markus,,0.7506968846832752,yes,"[0.243, 0.321, 0.428, 0.573, 0.681, nan, nan, nan]","[0.0, 0.383333333, 0.75, 1.066666667, 1.416666667, nan, nan, nan]",72.0,6.66,1.0,,-5.989619238246528,18.093855215362986,[0.243 0.321 0.428 0.573 0.681],[16.52996321 16.19943859 15.64105871 14.74784722 13.89828353],5.678690144610184,10.6776842209857,[0.243 0.321 0.428 0.573 0.681],[12.13105538 12.56190115 13.04692964 13.57261694 14.83025607],1.315719210931076,9.788871241689394,[0.243 0.321 0.428 0.681],[10.15574997 10.24698808 10.21945687 10.73448829],0.0,4.706996529932373,[0.243 0.321 0.428 0.573 0.681],[3.57113005 4.04537019 2.61326877 3.48144039 1.81844038],0.0,,,,0.3089175998141136,2.0148147262793774,1.4697599880337744,[0.243 0.321 0.428 0.573 0.681],[2.03067323 2.06043626 2.37471731 2.42213138 2.98611563],-0.0500720203294082,2.2025987681342016,[0.243 0.321 0.428 0.573 0.681],[2.18721573 2.18573974 2.18214867 2.18727054 2.1581574 ],0.6674061879844108,[0.243 0.681],[0.74247316 0.87777907],,,,,,,,,,,,,
15,79.0,181.0,6.66,DSM 1447,B.vulgatus,,hplc_analysis_revisions_zurich,237,pHvar,Markus,,0.727750542,yes,"[0.232, 0.307, 0.411, 0.508, 0.636, nan, nan, nan]","[0.0, 0.35, 0.716666667, 1.05, 1.383333333, nan, nan, nan]",73.0,6.66,1.0,,-6.3149922326334735,18.06480948785902,[0.232 0.307 0.411 0.508 0.636],[16.47551109 16.19987977 15.56292473 14.89475314 13.96738497],5.619557044563732,10.663856330207322,[0.232 0.307 0.411 0.508 0.636],[12.04887412 12.46951704 12.69958633 13.5367295  14.33192711],1.225140853861863,9.727457325764536,[0.232 0.307 0.411 0.508 0.636],[ 9.9114544  10.31966971 10.11387889 10.31662778 10.54110079],5.193016411016798,2.4743857294781195,[0.232 0.307 0.411 0.508 0.636],[4.09073349 2.68053659 5.55218823 5.72284262 5.19980409],0.0,,,,0.0,2.2733494739147555,1.306467326480972,[0.232 0.307 0.411 0.508 0.636],[1.7471487  2.28308    2.0615952  2.33378974 2.86711679],0.0,2.1555578666115394,[0.232 0.307 0.411 0.508 0.636],[2.17957817 2.18879147 2.24479528 2.1920531  2.24240123],,,,,,,,,,,,,,,,
16,80.0,184.0,6.35,DSM 1447,B.vulgatus,,hplc_analysis_revisions_zurich,240,pHvar,Markus,,0.748801964,yes,"[0.221, 0.326, 0.399, 0.51, 0.654, nan, nan, nan]","[0.0, 0.383333333, 0.75, 1.083333333, 1.4, nan, nan, nan]",74.0,6.35,1.0,,-5.6058836507588214,17.621770946476207,[0.221 0.326 0.399 0.51  0.654],[16.20374592 15.94020412 15.50406878 14.75813435 13.87428706],6.1704812518990995,9.003814712879421,[0.221 0.326 0.399 0.51  0.654],[10.44615334 10.89096963 11.49742216 12.14170014 13.06254373],1.5737345679040902,10.103923411880851,[0.221 0.326 0.399 0.51  0.654],[10.46158066 10.55346237 10.75224242 10.98538622 11.08752531],1.4869169942478655,2.466081963847038,[0.221 0.326 0.399 0.51  0.654],[2.71082906 3.04067469 3.27480698 2.8903832  3.55111075],1.3382526103421866,0.0640742800469784,[0.221 0.51 ],[0.35982811 0.74658311],0.0,1.9457672561717785,1.3847378133597543,[0.221 0.326 0.399 0.51  0.654],[1.79351374 1.8930255  2.32276382 2.44173487 2.57822005],-2.396404701011798,2.0778016731007063,[0.221 0.326 0.399 0.51  0.654],[2.06652891 0.85420447 0.83927985 0.80466265 0.76791857],0.9445683330350196,[0.326 0.654],[0.91162227 0.87847409],,,,,,,,,,,,,
17,81.0,178.0,7.0,DSM 1447,B.vulgatus,,hplc_analysis_revisions_zurich,234,pHvar,Markus,,0.7347015457405726,yes,"[0.208, 0.268, 0.353, 0.455, 0.567, nan, nan, nan]","[0.0, 0.316666667, 0.7, 1.033333333, 1.366666667, nan, nan, nan]",75.0,7,1.0,,-5.353619605345108,17.021148092913215,[0.208 0.268 0.353 0.455 0.567],[15.82054252 15.60174019 15.19064897 14.70991468 13.87334421],5.296065469329356,10.6362753549546,[0.208 0.268 0.353 0.455 0.567],[11.8815147  12.00259256 12.44352776 12.84603616 13.81072278],1.4502220051770711,9.7854919829543,[0.268 0.353 0.455 0.567],[10.26520933 10.09540965 10.58823578 10.57582792],0.0,6.26856886804976,[0.208 0.268 0.353 0.455 0.567],[5.18283625 6.23944097 4.77838307 7.04403219 3.94921616],0.0,,,,2.3908716760737265,1.753834248792728,1.676906262569116,[0.208 0.268 0.353 0.455 0.567],[2.18139405 1.97091269 2.33998477 2.4130336  2.72555341],-0.0011487531239147,2.3235522536837654,[0.208 0.268 0.353 0.455 0.567],[2.30736419 2.33134907 2.33960997 2.32105908 2.31625262],0.2337044451417304,[0.208 0.268],[0.73100575 0.87445805],,,,,,,,,,,,,
18,82.0,185.0,6.35,DSM 1447,B.vulgatus,,hplc_analysis_revisions_zurich,241,pHvar,Markus,,0.7896666524050179,yes,"[0.207, 0.303, 0.409, 0.489, 0.664, nan, nan, nan]","[0.0, 0.4, 0.766666667, 1.1, 1.433333333, nan, nan, nan]",76.0,6.35,1.0,,-6.365884921996424,17.954517926701794,[0.207 0.303 0.409 0.489 0.664],[16.68326194 15.96152829 15.46453241 14.68687818 13.78627526],5.061504274085613,9.51951698272338,[0.207 0.303 0.409 0.489 0.664],[10.70344719 11.03030707 11.29065022 12.12176431 12.93885299],0.0,10.74018494670582,[0.207 0.303 0.409 0.489 0.664],[10.76335347 10.63823108 10.78806082 10.72755052 10.69839767],1.5695379987117026,2.0988533568858965,[0.207 0.303 0.409 0.489 0.664],[2.16324197 2.69931428 3.40097534 2.32703956 3.15577837],0.0,,,,0.5596684195653165,1.5385492892649617,1.3980147363249311,[0.207 0.303 0.409 0.489 0.664],[1.78069834 1.9401902  1.76113236 2.21375171 2.48217519],0.0,0.7549045553776249,[0.207 0.303 0.409 0.489 0.664],[0.78324629 0.75917502 0.80399108 0.76296135 0.81466693],0.7474526011118761,[0.207 0.409],[0.86330396 0.97635698],,,,,,,,,,,,,
19,83.0,193.0,6.0,DSM 1447,B.vulgatus,,hplc_analysis_revisions_zurich,249,pHvar,Markus,,0.8931855540267398,yes,"[0.03, 0.042, 0.073, 0.1, 0.138, 0.181, 0.223, 0.351]","[0.0, 0.483333333, 1.0, 1.35, 1.75, 1.983333333, 2.35, 2.766666667]",77.0,6,1.0,,-5.028692442100629,17.569505429885673,[0.1   0.181 0.223 0.351],[17.08802568 16.65979395 16.40552359 15.82514646],3.4711237744462866,11.435876647493888,[0.1   0.181 0.223 0.351],[11.88768721 11.90416632 12.21710904 12.70235485],0.3545841222714199,9.361518014757795,[0.1   0.181 0.223 0.351],[9.32277361 9.57307946 9.39035601 9.4630324 ],0.0,7.366621035547777,[0.1   0.181 0.223 0.351],[7.37301146 6.41978397 5.35541654 6.09672634],0.0,,,,0.0,0.4628959408185349,1.8758856429091748,[0.1   0.181 0.223 0.351],[1.97875315 2.05569748 1.74062894 2.12423904],-0.3790525946904979,2.0913724580066715,[0.1   0.181 0.223 0.351],[2.12414197 1.95312194 1.9607482  2.00338775],,,,,,,,,,,,,,,,
20,84.0,194.0,6.0,DSM 1447,B.vulgatus,,hplc_analysis_revisions_zurich,250,pHvar,Markus,,0.821011856,yes,"[0.069, 0.104, 0.131, 0.183, 0.242, 0.321, 0.438, nan]","[0.0, 0.533333333, 0.883333333, 1.283333333, 1.516666667, 1.866666667, 2.3, nan]",78.0,6,1.0,,-4.540656250567453,17.393729403296295,[0.104 0.242 0.321 0.438],[16.77899795 16.46831583 16.05245842 15.25772025],5.211022738701169,10.981291633324195,[0.104 0.242 0.321 0.438],[11.46316547 12.27851664 12.76494748 13.17671707],2.3150275370224707,8.93359876334197,[0.104 0.242 0.321],[9.14735726 9.56801197 9.62955042],0.0,6.951247640108041,[0.104 0.242 0.321 0.438],[6.9130295  4.20202356 4.42458221 4.44583506],0.0,,,,0.0,1.8108935525390344,1.3500061288689047,[0.104 0.242 0.321 0.438],[1.47899108 1.82340467 2.04181932 2.05684683],0.0,0.5886084938926427,[0.104 0.242 0.321 0.438],[0.76391617 1.88079325 2.08240602 2.11834206],,,,,,,,,,,,,,,,
21,85.0,186.0,6.35,DSM 1447,B.vulgatus,,hplc_analysis_revisions_zurich,242,pHvar,Markus,,0.6923063073792763,yes,"[0.229, 0.306, 0.386, 0.501, 0.615, nan, nan, nan]","[0.0, 0.4, 0.766666667, 1.1, 1.433333333, nan, nan, nan]",79.0,6.35,1.0,,-6.206968521006006,17.915883318725896,[0.229 0.306 0.386 0.501 0.615],[16.2865181  16.13227908 15.6881225  14.85895224 13.96994979],5.743468376930302,9.382879972941623,[0.229 0.306 0.386 0.501 0.615],[10.58406673 11.09950686 11.91624464 12.12183038 12.89219635],1.1715613071675954,10.255397556948065,[0.229 0.386 0.501 0.615],[10.39397511 10.93413451 10.8265277  10.89492554],0.0,2.1141022320847465,[0.229 0.306 0.386 0.501 0.615],[2.07295296 1.78743406 2.3938258  2.32257624 1.81386315],6.321781702655401,-1.4997540538610152,[0.306 0.386],[0.43471115 0.94045368],0.0,1.5908069322828613,1.479268836279923,[0.229 0.306 0.386 0.501 0.615],[1.89190106 1.79251051 2.19852757 2.37165583 2.38222294],-0.0938098155598656,0.7365392363362798,[0.229 0.306 0.386 0.501 0.615],[0.73442196 0.71361213 0.67775672 0.65364929 0.7121655 ],1.072805282518163,[0.306 0.615],[0.93738102 0.80062907],,,,,,,,,,,,,
22,86.0,195.0,6.0,DSM 1447,B.vulgatus,,hplc_analysis_revisions_zurich,251,pHvar,Markus,,0.8460404017933527,yes,"[0.043, 0.07, 0.108, 0.153, 0.19, 0.247, 0.321, 0.479]","[0.0, 0.483333333, 1.016666667, 1.35, 1.766666667, 2.0, 2.35, 2.783333333]",80.0,6,1.0,,-5.432093574324678,17.968826199041956,[0.108 0.247 0.321 0.479],[17.31002508 16.7354873  16.23535216 15.32037218],4.393690268852645,11.279397446832547,[0.108 0.247 0.321 0.479],[11.70706559 12.35114873 12.81958993 13.3144978 ],0.4584713321144469,9.54095691039615,[0.108 0.247 0.321 0.479],[9.49892631 9.78035515 9.71784286 9.69623771],1.1307883947708948,4.299180608070134,[0.108 0.247 0.321 0.479],[5.0744773  3.24065843 5.09285482 5.09479248],0.0,,,,0.0,1.7354238584488235,1.402711479599291,[0.108 0.247 0.321 0.479],[1.53820069 1.83653181 2.07414253 2.16638545],-0.3953446110248678,2.2307309011072163,[0.108 0.247 0.321 0.479],[2.11984943 2.23194328 2.11876364 1.99574424],,,,,,,,,,,,,,,,
23,87.0,196.0,5.55,DSM 1447,B.vulgatus,,hplc_analysis_revisions_zurich,252,pHvar,Markus,,0.693044099,yes,"[0.041, 0.06, 0.124, 0.226, 0.446, 0.555, nan, nan]","[0.0, 0.716666667, 1.816666667, 2.55, 3.5, 3.85, nan, nan]",81.0,5.55,1.0,,-5.231818039509382,17.556330184177604,[0.124 0.226 0.446 0.555],[16.92841654 16.33942641 15.24473972 14.64455189],4.335699715895573,11.17315570497218,[0.124 0.226 0.446 0.555],[11.71482634 12.11607498 13.20241236 13.51683946],1.5150362116090466,9.161766165570253,[0.124 0.446 0.555],[9.33474703 9.8963241  9.95864311],0.0,4.987636514889699,[0.124 0.226 0.446 0.555],[4.45031114 5.50869325 4.32116577 4.65332834],0.0,,,,0.0,1.0284646986721426,1.5440145868286197,[0.124 0.226 0.446 0.555],[1.59737716 1.85771407 2.05068539 2.05973754],-0.0278930647410095,2.0762767830856705,[0.124 0.226 0.446 0.555],[2.07088354 2.06756582 2.07875132 2.05022292],,,,,,,,,,,,,,,,
24,88.0,197.0,5.55,DSM 1447,B.vulgatus,,hplc_analysis_revisions_zurich,253,pHvar,Markus,,0.655110376,yes,"[0.038, 0.053, 0.131, 0.202, 0.384, 0.426, nan, nan]","[0.0, 0.716666667, 1.816666667, 2.55, 3.516666667, 3.85, nan, nan]",82.0,5.55,1.0,,-6.079167943215187,17.698438184238913,[0.131 0.202 0.384 0.426],[16.83183745 16.54447248 15.46251143 15.00644241],4.28064139872841,11.343875259866294,[0.131 0.202 0.384 0.426],[11.93153172 12.18476336 12.92569533 13.22628375],2.4035278227944255,9.056409207400865,[0.131 0.202 0.384 0.426],[ 9.27653487  9.67171979  9.9525191  10.07209537],2.58244819936064,4.551343600105034,[0.131 0.202 0.384 0.426],[5.87962096 3.71068098 5.85528785 5.71152291],0.0,,,,0.0,1.9530815486760376,1.367717104155554,[0.131 0.202 0.384 0.426],[1.57622533 1.81591197 2.16399311 2.14711021],0.0,1.8337291970684777,[0.131 0.202 0.384 0.426],[1.85730004 2.01839174 2.03909602 2.07085328],1.9996890948199688,[0.384 0.426],[1.09028281 0.9908165 ],,,,,,,,,,,,,
25,89.0,179.0,7.0,DSM 1447,B.vulgatus,,hplc_analysis_revisions_zurich,235,pHvar,Markus,,0.755901686,yes,"[0.211, 0.273, 0.372, 0.464, 0.596, nan, nan, nan]","[0.0, 0.316666667, 0.7, 1.033333333, 1.366666667, nan, nan, nan]",83.0,7,1.0,,-5.193079232799374,17.15089207679392,[0.211 0.273 0.372 0.464 0.596],[16.01074214 15.69599399 15.31448107 14.79991423 13.98338914],5.623247136019927,10.547459044709486,[0.211 0.273 0.372 0.464 0.596],[11.78500534 12.18408757 12.42668016 13.12027344 13.99539023],1.476421349622555,9.843902389344755,[0.273 0.372 0.596],[10.28874762 10.3328827  10.74231575],0.0,8.542154180519589,[0.211 0.273 0.372 0.464 0.596],[6.91088275 7.01741081 6.30893079 5.4306721  4.64651321],0.0,,,,1.7152376792465889,2.6594704144326684,1.093757115738995,[0.211 0.273 0.372 0.464 0.596],[1.7402933  1.77295695 1.97476634 2.37711371 2.69920059],0.0,2.250684771293565,[0.211 0.273 0.372 0.464 0.596],[2.26831377 2.25427362 2.2581922  2.28681336 2.27368292],-0.2482069282157341,[0.464 0.596],[0.54766335 0.77407473],,,,,,,,,,,,,
26,90.0,198.0,5.55,DSM 1447,B.vulgatus,,hplc_analysis_revisions_zurich,254,pHvar,Markus,,0.7040671330515201,yes,"[0.025, 0.039, 0.085, 0.162, 0.275, 0.378, nan, nan]","[0.0, 0.716666667, 1.8, 2.566666667, 3.516666667, 3.866666667, nan, nan]",84.0,5.55,1.0,,-6.707902968044179,18.103299113794883,[0.085 0.162 0.275 0.378],[17.39310109 17.06606536 16.55325926 15.36365807],4.1742459024095,11.2653011326866,[0.085 0.162 0.275 0.378],[11.93569091 11.30031632 12.86018306 12.72183556],0.0,9.911586957592217,[0.085 0.162 0.378],[9.8500095  9.94529404 9.82716596],9.906293959473931,2.4896498309040496,[0.085 0.162 0.275 0.378],[3.80484988 4.49815848 3.02131568 7.54993984],0.0,,,,0.0,0.8681082709579617,1.4566391220356865,[0.085 0.162 0.275 0.378],[1.56375739 1.45578867 1.89726334 1.69104454],-0.1450787298873534,2.210887213320986,[0.085 0.162 0.275 0.378],[2.11276414 2.19158096 2.40623747 2.00239543],,,,,,,,,,,,,,,,
27,92.0,180.0,7.0,DSM 1447,B.vulgatus,,hplc_analysis_revisions_zurich,236,pHvar,Markus,,0.758840121,yes,"[0.216, 0.289, 0.375, 0.489, 0.623, nan, nan, nan]","[0.0, 0.333333333, 0.716666667, 1.05, 1.383333333, nan, nan, nan]",86.0,7,1.0,,-5.558756786376447,17.472125794814907,[0.216 0.289 0.375 0.489 0.623],[16.1121381  16.04176715 15.41072987 14.75591317 13.96703717],5.339045435642557,10.750039528956464,[0.216 0.289 0.375 0.489 0.623],[11.88095724 12.40491735 12.7217418  13.20605082 14.17190894],1.471052932752883,9.943334508390576,[0.216 0.289 0.375 0.489 0.623],[10.18212817 10.47113602 10.44546462 10.7382241  10.81005707],2.3794711323100715,3.484457678838559,[0.216 0.289 0.375 0.489 0.623],[4.57144786 2.9829326  4.63334838 5.39678913 4.57767692],0.0,,,,0.0,1.635671121199282,1.6107316003791476,[0.216 0.289 0.375 0.489 0.623],[1.89731972 2.18647923 2.33896059 2.14382451 2.74533083],-0.1044318458910061,2.3060244182925276,[0.216 0.289 0.375 0.489 0.623],[2.28621518 2.24995525 2.31209632 2.22742194 2.24640517],,,,,,,,,,,,,,,,
28,122.0,78.0,5.64,ATCC33656,E.rectale,Markus_old_Er17,Markus_old_Er17,91,epsilon,Markus,,0.460224054,no,"[0.035,0.042,0.052,0.069,0.082,0.105,0.133,0.17,0.2,0.245,0.288,0.336]","[0.,0.45,0.91666667,1.36666667,1.81666667,2.23333333,
2.75,3.18333333,3.61666667,4.11666667,4.58333333,5.13333333]",,5.64,1.0,2015.0,-13.341399337488228,21.89060145856246,[0.105 0.2   0.288 0.336],[20.41852238 19.31745709 18.1215326  17.31073378],2.8435738475334196,0.8213068682703938,[0.105 0.2   0.288 0.336],[1.12587827 1.38853963 1.6155987  1.79689097],0.0,,,,0.0,,,,5.17795405665619,-0.2835962800643037,[0.105 0.2   0.288 0.336],[0.31358528 0.67892421 1.15723573 1.52618898],5.7683314286420435,0.0,,,,,,,,-0.1448712353463457,[0.105 0.2   0.288 0.336],[0.47155679 0.99976147 1.49025349 1.81772321],,,,,,,,,,,,,
29,123.0,72.0,6.12,ATCC33656,E.rectale,Markus_old_Er14,Markus_old_Er14,85,epsilon,Markus,,0.664183282,yes,"[0.04,0.051,0.064,0.081,0.101,0.125,0.161,0.204,0.253,0.303,0.361]","[0.,0.3,0.63333333,0.95,1.3,1.63333333,
2.,2.36666667,2.68333333,3.,3.3]",116.0,6.12,1.0,2015.0,-10.329272816221264,21.95329096428791,[0.101 0.204 0.303 0.361],[20.91216588 19.91472889 18.62824741 18.34895632],2.1329187677891928,0.7673935702870935,[0.101 0.204 0.303 0.361],[0.98014153 1.21717277 1.38597423 1.55308403],0.0,,,,0.0,0.0046818879844885,[0.101 0.204 0.303 0.361],[-0.00124722  0.00330029 -0.01197692 -0.0061516 ],3.198011714572367,-0.0575794571798465,[0.101 0.204 0.303 0.361],[0.3143625  0.52999417 0.86748257 1.15671629],4.495897895570391,0.0,,,,,,,,-0.0940634220527517,[0.101 0.204 0.303 0.361],[0.35302461 0.8411252  1.2507694  1.53535216],,,,,,,,,,,,,
30,124.0,71.0,6.21,ATCC33656,E.rectale,Markus_old_Er13,Markus_old_Er13,84,epsilon,Markus,,0.669367656,yes,"[0.048,0.057,0.075,0.094,0.118,0.149,0.192,0.244,0.299,0.353,0.418]","[0.,0.28333333,0.63333333,0.95,1.3,1.61666667,
1.98333333,2.35,2.68333333,2.98333333,3.28333333]",117.0,6.21,1.0,2015.0,-12.202522827821056,22.283304581791636,[0.094 0.192 0.299 0.418],[20.9908202  20.11578961 18.69770333 17.08977478],2.0212885137138175,0.7785967411694782,[0.094 0.192 0.299 0.418],[0.97755459 1.16012889 1.37102509 1.63303078],0.0,,,,0.0,0.0127629434230856,[0.094 0.192 0.299 0.418],[-0.00660323 -0.00020615 -0.01820793 -0.04208847],3.833786222364582,-0.1583068838336961,[0.094 0.192 0.299 0.418],[0.29386649 0.49875894 0.88813297 1.53130164],4.376328016550111,0.0,,,,,,,,-0.0780390590156001,[0.094 0.192 0.299 0.418],[0.32542784 0.77148217 1.23441577 1.74597498],,,,,,,,,,,,,
31,129.0,70.0,6.61,ATCC33656,E.rectale,Markus_old_Er12,Markus_old_Er12,83,epsilon,Markus,,0.741628547,yes,"[0.052,0.069,0.087,0.115,0.152,0.184,0.241,0.315,0.384]","[0.,0.28333333,0.61666667,0.93333333,1.28333333,1.61666667,
1.98333333,2.35,2.66666667]",122.0,6.61,1.0,2015.0,-10.804528953527983,22.00192457646207,[0.115 0.184 0.315 0.384],[20.69044695 20.12948977 18.53226135 17.87258034],2.396669201811076,0.780088650369845,[0.115 0.184 0.315 0.384],[1.05553865 1.22823069 1.51495146 1.71350966],0.0,,,,0.0,0.0094469084644572,[0.115 0.184 0.315 0.384],[-0.00608271  0.00755152 -0.01346605 -0.01867678],3.232303339434475,-0.1514229310878717,[0.115 0.184 0.315 0.384],[0.27456272 0.39382837 0.79863184 1.15312408],4.400070393655656,0.0,,,,,,,,-0.1318990346111739,[0.115 0.184 0.315 0.384],[0.35991252 0.69991054 1.24513102 1.55872003],,,,,,,,,,,,,
32,130.0,69.0,7.14,ATCC33656,E.rectale,Markus_old_Er11,Markus_old_Er11,82,epsilon,Markus,,0.751240094,yes,"[0.032,0.043,0.056,0.074,0.096,0.117,0.158,0.209,0.258,0.32,0.393]","[0.,0.3,0.63333333,0.95,1.3,1.61666667,
2.,2.35,2.66666667,3.,3.3]",123.0,7.14,1.0,2015.0,-9.912017538150668,21.26051254664821,[0.096 0.209 0.32  0.393],[20.32513556 19.14364958 18.13691022 17.34592097],3.247621401570553,0.6573686879811703,[0.096 0.209 0.32  0.393],[0.96654349 1.34365193 1.68819216 1.93716576],0.0,,,,0.0,,,,2.7861166847753593,-0.0954958471879371,[0.096 0.209 0.32  0.393],[0.22032674 0.41999794 0.76771211 1.0462466 ],4.249220213912929,0.0,,,,,,,,-0.1438308145589441,[0.096 0.209 0.32  0.393],[0.26926064 0.73106852 1.22814074 1.52191302],,,,,,,,,,,,,
33,131.0,64.0,6.19,ATCC33656,E.rectale,Markus_old_Er10,Markus_old_Er10,77,epsilon,Markus,,0.643124119,yes,"[0.046,0.06,0.082,0.097,0.126,0.161,0.202,0.258,0.334,0.405]","[0.,0.33333333,0.75,1.08333333,1.43333333,1.8,
2.18333333,2.58333333,3.,3.36666667]",124.0,6.19,1.0,2015.0,-7.981393643184522,18.060557309450324,[0.097 0.202 0.334 0.405],[17.13111509 16.61827595 15.58229542 14.62585617],2.3344879002117183,0.4412189240799463,[0.097 0.202 0.334 0.405],[0.67460331 0.90161322 1.22277928 1.38907833],0.0,,,,0.0,,,,3.832045032388816,-0.2404872687402708,[0.097 0.202 0.334 0.405],[0.22167275 0.41642653 0.98201052 1.39560386],4.515784535793959,0.0,,,,,,,,-0.0285232866365703,[0.097 0.202 0.334 0.405],[0.40273284 0.89027957 1.49022724 1.79005155],,,,,,,,,,,,,
34,132.0,63.0,6.61,ATCC33656,E.rectale,Markus_old_Er9,Markus_old_Er9,76,epsilon,Markus,,0.700026416,yes,"[0.053,0.072,0.102,0.132,0.179,0.225,0.279,0.36,0.45]","[0.,0.4,0.81666667,1.21666667,1.63333333,1.95,
2.31666667,2.68333333,3.05]",125.0,6.61,1.0,2015.0,-10.511797798631235,18.499279286066443,[0.102 0.225 0.279 0.45 ],[17.25517334 16.32273902 15.66814789 13.65059842],2.697523119619175,0.448873903258101,[0.102 0.225 0.279 0.45 ],[0.72147164 1.04690295 1.21840004 1.65730539],0.0,,,,0.0,,,,3.329375046517627,-0.2509062372141024,[0.102 0.225 0.279 0.45 ],[0.22404955 0.38138575 0.55622799 1.35053181],4.29590871507582,0.0,,,,,,,,-0.0492359353462241,[0.102 0.225 0.279 0.45 ],[0.36981703 0.91644769 1.18943199 1.86383915],,,,,,,,,,,,,
35,133.0,62.0,7.14,ATCC33656,E.rectale,Markus_old_Er8,Markus_old_Er8,75,epsilon,Markus,,0.712940755,yes,"[0.034,0.05,0.061,0.077,0.1,0.134,0.17,0.224,0.297,0.378]","[0.,0.33333333,0.76666667,1.08333333,1.43333333,1.8,
2.18333333,2.6,2.83333333,3.36666667]",126.0,7.14,1.0,2015.0,-8.842670491814014,18.17826964909347,[0.1   0.224 0.297 0.378],[17.26725906 16.29755877 15.45356958 14.86086337],3.861178785324076,0.2869624892187538,[0.1   0.224 0.297 0.378],[0.67640037 1.15005825 1.42577601 1.75293294],0.0,,,,0.0,,,,2.4291902187199907,-0.037409324939779,[0.1   0.224 0.297 0.378],[0.2561701  0.44016557 0.6367419  0.94404616],4.384430447476658,0.0,,,,,,,,-0.0606688404132759,[0.1   0.224 0.297 0.378],[0.37927593 0.92673816 1.2262867  1.60506987],,,,,,,,,,,,,
36,134.0,61.0,5.63,ATCC33656,E.rectale,Markus_old_Er7,Markus_old_Er7,74,epsilon,Markus,,0.516425774,yes,"[0.033,0.04,0.049,0.065,0.083,0.106,0.131,0.163,0.194,0.222,0.252,0.3]","[0.,0.45,0.9,1.36666667,1.8,2.21666667,
2.65,3.05,3.4,3.73333333,4.,4.41666667]",127.0,5.63,1.0,2015.0,-8.645548093557087,18.88765064760457,[0.106 0.194 0.252 0.3  ],[17.85679744 17.43080662 16.68474099 16.21225056],2.6889155452326494,0.0516924240200518,[0.106 0.194 0.252 0.3  ],[0.35264377 0.53792653 0.7431396  0.86401584],0.0,,,,0.0,,,,3.662863795877717,-0.2011201640071199,[0.106 0.194 0.252 0.3  ],[0.22647703 0.45025908 0.6937175  0.94582569],5.6739014369678245,0.0,,,,,,,,0.016279420708918,[0.106 0.194 0.252 0.3  ],[0.60527867 1.14566025 1.43310251 1.71524028],,,,,,,,,,,,,
37,135.0,60.0,5.83,ATCC33656,E.rectale,Markus_old_Er6,Markus_old_Er6,73,epsilon,Markus,,0.584323279,yes,"[0.033,0.043,0.06,0.08,0.105,0.135,0.175,0.22,0.267,0.307,0.348,0.411]","[0.,0.43333333,0.88333333,1.41666667,1.8,2.21666667,
2.63333333,3.05,3.4,3.71666667,3.98333333,4.4]",128.0,5.83,1.0,2015.0,-10.033525317300493,19.309124503172782,[0.105 0.175 0.267 0.411],[18.17022431 17.56890095 16.78596806 15.09928744],2.2599278895186883,0.1142551655762739,[0.105 0.175 0.267 0.411],[0.34634092 0.51405292 0.72165587 1.03998187],0.0,,,,0.0,,,,4.5174651133039125,-0.3917644528115291,[0.105 0.175 0.267 0.411],[0.19437683 0.3327398  0.68506003 1.54849711],5.349786645478108,0.0,,,,,,,,0.0174916081036748,[0.105 0.175 0.267 0.411],[0.59645757 0.95185568 1.41228275 2.23446604],,,,,,,,,,,,,
38,136.0,59.0,5.95,ATCC33656,E.rectale,Markus_old_Er5,Markus_old_Er5,72,epsilon,Markus,,0.665876728,yes,"[0.029,0.036,0.052,0.072,0.101,0.138,0.179,0.235,0.297,0.358,0.408]","[0.,0.35,0.8,1.25,1.73333333,2.16666667,
2.56666667,3.,3.41666667,3.75,4.05]",129.0,5.95,1.0,2015.0,-9.480219372724218,19.357181151092036,[0.101 0.179 0.297 0.408],[18.3557714  17.70759354 16.5652634  15.46208018],2.2884155442794465,0.1400143782266336,[0.101 0.179 0.297 0.408],[0.35656633 0.5627741  0.83289827 1.06190812],0.0,,,,0.0,,,,3.935438823417624,-0.2937572931397684,[0.101 0.179 0.297 0.408],[0.21226943 0.31616257 0.76985968 1.40308639],4.9104747575342005,0.0,,,,,,,,0.0267119668844618,[0.101 0.179 0.297 0.408],[0.52201976 0.90844011 1.48124121 2.03196442],,,,,,,,,,,,,
39,138.0,58.0,6.06,ATCC33656,E.rectale,Markus_old_Er4,Markus_old_Er4,71,epsilon,Markus,,0.68803148,yes,"[0.031,0.041,0.058,0.08,0.116,0.149,0.208,0.261,0.341,0.401]","[0.,0.35,0.78333333,1.25,1.71666667,2.15,
2.56666667,3.,3.4,3.75]",131.0,6.06,1.0,2015.0,-9.891881894741994,19.002340239363033,[0.116 0.208 0.341 0.401],[17.86696222 16.85471206 15.86170271 14.88123787],2.5383950468109253,0.1076361974546335,[0.116 0.208 0.341 0.401],[0.40698354 0.62489156 0.98450212 1.12009668],0.0,,,,0.0,,,,4.207383269645938,-0.3648342668132838,[0.116 0.208 0.341 0.401],[0.21884747 0.38425954 1.0210982  1.40152829],4.828979447954723,0.0,,,,,,,,0.0104540404390643,[0.116 0.208 0.341 0.401],[0.58591355 0.99096495 1.66140346 1.95122629],,,,,,,,,,,,,
40,139.0,57.0,6.19,ATCC33656,E.rectale,Markus_old_Er3,Markus_old_Er3,70,epsilon,Markus,,0.713732008,yes,"[0.038,0.048,0.071,0.098,0.145,0.191,0.256,0.333,0.416]","[0.,0.35,0.8,1.25,1.73333333,2.16666667,
2.58333333,3.,3.41666667]",132.0,6.19,1.0,2015.0,-9.73595225257785,19.539684541956102,[0.098 0.191 0.333 0.416],[18.56329416 17.69695386 16.33728449 15.45528722],2.650659731988772,0.1014130511863612,[0.098 0.191 0.333 0.416],[0.35547762 0.61632891 0.98250036 1.20273012],0.0,,,,0.0,,,,4.118313238088959,-0.3278634983234254,[0.098 0.191 0.333 0.416],[0.17404863 0.34371476 0.97864877 1.46694298],4.694541440662323,0.0,,,,,,,,0.0235186585439134,[0.098 0.191 0.333 0.416],[0.4804475  0.9245464  1.58696955 1.97504519],,,,,,,,,,,,,
41,142.0,56.0,6.61,ATCC33656,E.rectale,Markus_old_Er2,Markus_old_Er2,69,epsilon,Markus,,0.771601529,yes,"[0.045,0.068,0.09,0.12,0.172,0.237,0.334,0.442]","[0.,0.38333333,0.76666667,1.11666667,1.55,2.01666667,
2.5,2.91666667]",135.0,6.61,1.0,2015.0,-9.27405426279326,19.454382687946907,[0.09  0.237 0.334 0.442],[18.53856351 17.44280391 16.26758961 15.33929186],3.2779321033516253,0.0994500583262123,[0.09  0.237 0.334 0.442],[0.38514682 0.88862332 1.20129275 1.53829646],0.0,,,,0.0,,,,3.621989620505864,-0.3481410569375058,[0.09  0.237 0.334 0.442],[0.1099088  0.34304825 0.74856311 1.40097017],4.412962062164587,0.0,,,,,,,,0.0225233423982554,[0.09  0.237 0.334 0.442],[0.40416257 1.09932504 1.48835122 1.96575169],,,,,,,,,,,,,
42,145.0,55.0,7.14,ATCC33656,E.rectale,Markus_old_Er1,Markus_old_Er1,68,epsilon,Markus,,0.689570022,yes,"[0.033,0.044,0.063,0.091,0.123,0.166,0.217,0.282,0.346,0.417]","[0.,0.45,0.9,1.38333333,1.81666667,2.23333333,
2.65,3.06666667,3.41666667,3.71666667]",138.0,7.14,1.0,2015.0,-9.26249696638543,18.784956541700573,[0.091 0.166 0.282 0.417],[17.99955823 17.08520256 16.33564103 14.86447725],3.801841986301805,0.0428670571464942,[0.091 0.166 0.282 0.417],[0.37338083 0.668942   1.16165831 1.60204804],0.0,,,,0.0,-0.0592970698940391,[0.091 0.166 0.282 0.417],[-0.0569351  -0.08104607 -0.08515692 -0.0855311 ],3.775517913077517,-0.3351230997190674,[0.091 0.166 0.282 0.417],[0.12996646 0.19697634 0.61208471 1.32987521],4.313060632250217,0.0,,,,,,,,0.0378535712864486,[0.091 0.166 0.282 0.417],[0.43503311 0.7279639  1.29088497 1.82081828],,,,,,,,,,,,,
43,146.0,76.0,5.98,ATCC33656,E.rectale,Markus_old_Er15,Markus_old_Er15,89,epsilon,Markus,,0.598489292,yes,"[0.045,0.064,0.084,0.111,0.149,0.21,0.273,0.349,0.436]","[0.,0.55,0.95,1.38333333,1.9,2.45,
2.9,3.36666667,3.81666667]",139.0,5.98,1.0,2015.0,-11.098610828642592,21.29455651349429,[0.111 0.21  0.349 0.436],[20.23801538 18.57472044 17.77673176 16.3136949 ],2.430204846565249,0.8199679774550727,[0.111 0.21  0.349 0.436],[1.08588146 1.33009279 1.68301837 1.86868586],0.0,,,,0.0,,,,5.305486684040881,-0.4223429459831467,[0.111 0.21  0.349 0.436],[0.24475376 0.59065269 1.39996601 1.94312403],4.45966383964188,0.0,,,,,,,,-0.0746993014941782,[0.111 0.21  0.349 0.436],[0.41733042 0.84731231 1.53061689 1.83833138],,,,,,,,,,,,,
44,147.0,77.0,5.84,ATCC33656,E.rectale,Markus_old_Er16,Markus_old_Er16,90,epsilon,Markus,,0.585795219,no,"[0.037,0.047,0.066,0.089,0.119,0.15,0.202,0.257,0.311,0.396]","[0.,0.45,0.9,1.36666667,1.8,2.23333333,
2.73333333,3.18333333,3.61666667,4.11666667]",,5.84,1.0,2015.0,-10.046338210491784,21.265707581673823,[0.119 0.202 0.311 0.396],[19.93306992 19.53066406 17.91642259 17.35503807],2.0678519544530163,0.8361882512334335,[0.119 0.202 0.311 0.396],[1.06815076 1.2754759  1.47602158 1.65085657],0.0,,,,0.0,,,,5.2347591155766215,-0.3756779278648038,[0.119 0.202 0.311 0.396],[0.31849305 0.60291879 1.20009666 1.75711217],5.245615600301953,0.0,,,,,,,,-0.1738347630017729,[0.119 0.202 0.311 0.396],[0.44360523 0.89821365 1.45129452 1.90404039],,,,,,,,,,,,,
45,152.0,190.0,6.64,DSM17677,F.prausnitzii,,hplc_analysis_revisions_zurich,246,pHvar,Markus,,0.2006361627218361,yes,"[0.064, 0.068, 0.075, 0.087, 0.152, 0.242, 0.378, nan]","[0.0, 1.083333333, 2.266666667, 4.216666667, 6.233333333, 7.466666667, 8.666666667, nan]",144.0,6.64,1.0,,0.0,1.2156870049205355,[0.087 0.152 0.242 0.378],[1.08856995 1.7635527  1.72336267 1.73348533],0.0,11.327107526315713,[0.087 0.152 0.242 0.378],[11.22721194 11.04331512 10.97310351 10.75329156],3.040039276618749,8.467146323129349,[0.087 0.152 0.242 0.378],[8.26781891 9.40491768 9.4047774  9.40246504],0.7942740688216451,2.527757473747638,[0.087 0.152 0.242 0.378],[2.19166061 3.01480305 2.97824699 2.60860067],0.0,,,,5.009343851415062,7.163888935453563,2.1649126707712707,[0.087 0.152 0.242 0.378],[2.8964318  3.08607614 3.94568467 4.88523867],-3.023049845610011,8.825653145952629,[0.087 0.152 0.242 0.378],[8.56942871 8.36211948 8.08626301 7.68800157],1.012216099007106,[0.087 0.152 0.242 0.378],[1.4796964  1.75973921 2.17981221 2.93264294],,,,,,,,,,,,,
46,153.0,189.0,6.97,DSM17677,F.prausnitzii,,hplc_analysis_revisions_zurich,245,pHvar,Markus,,0.269008767054175,yes,"[0.091, 0.105, 0.124, 0.14, 0.179, 0.25, 0.374, nan]","[0.0, 1.066666667, 1.783333333, 2.4, 3.316666667, 4.216666667, 5.3, nan]",145.0,6.97,1.0,,0.0,1.6867869436185532,[0.105 0.179 0.25  0.374],[1.73052887 1.72271862 1.74638001 1.7998391 ],0.79107779465636,11.092305934250332,[0.105 0.179 0.25  0.374],[11.1939493  11.18044317 11.33384745 11.37928245],1.801695498885309,8.966963125259912,[0.179 0.25  0.374],[9.65976744 8.8350591  9.85282432],0.0,1.8228424457171235,[0.105 0.179 0.25  0.374],[1.98973185 1.70054942 1.53303899 1.92445226],0.0,,,,5.5061337725603785,9.16360145576414,2.107806818088837,[0.105 0.179 0.25  0.374],[3.08189251 3.77032193 4.33791632 5.56164663],-1.6476164338596724,8.662441612428067,[0.105 0.179 0.25  0.374],[8.49831271 8.34220528 8.27110025 8.04211248],0.8099739500744269,[0.105 0.179 0.25  0.374],[1.33483758 1.89236145 2.14988214 2.8623841 ],,,,,,,,,,,,,
47,154.0,188.0,6.97,DSM17677,F.prausnitzii,,hplc_analysis_revisions_zurich,244,pHvar,Markus,,0.2866535220737252,yes,"[0.09, 0.104, 0.128, 0.145, 0.191, 0.268, 0.401, nan]","[0.0, 1.05, 1.766666667, 2.383333333, 3.3, 4.216666667, 5.3, nan]",146.0,6.97,1.0,,-0.0456888109417315,1.6953174346747468,[0.104 0.191 0.268 0.401],[1.67735414 1.69644628 1.69701439 1.66641092],0.6317860832647225,10.95789720691313,[0.104 0.191 0.268 0.401],[11.03490748 11.0833706  11.09438943 11.22796309],0.0,9.25527939676259,[0.104 0.191 0.268 0.401],[9.40775466 9.41127019 8.64603182 9.5290623 ],0.0,3.777500192857998,[0.104 0.191 0.268 0.401],[2.9231902  3.34343746 2.69937916 1.73020296],0.0,,,,4.918886255719882,8.32368345493281,2.371948377393283,[0.104 0.191 0.268 0.401],[3.14205968 4.12730321 4.55470537 5.68775611],-2.3004084492028793,8.677414768938752,[0.104 0.191 0.268 0.401],[8.42435398 8.22952614 8.10520055 7.73298466],0.894015329375824,[0.104 0.191 0.268 0.401],[1.40600422 1.86293624 2.16488583 2.88404138],,,,,,,,,,,,,
48,155.0,187.0,6.97,DSM17677,F.prausnitzii,,hplc_analysis_revisions_zurich,243,pHvar,Markus,,0.2862830013478284,yes,"[0.091, 0.104, 0.118, 0.14, 0.182, 0.262, 0.401, nan]","[0.0, 1.083333333, 1.766666667, 2.4, 3.3, 4.2, 5.3, nan]",147.0,6.97,1.0,,0.0,1.5845574998926055,[0.104 0.182 0.262 0.401],[1.60249918 1.58490469 1.59562986 1.61668743],0.0,11.006351735229648,[0.104 0.182 0.262 0.401],[10.95218114 11.00721332 11.05027429 10.929     ],0.0,9.554968928108575,[0.104 0.182 0.262 0.401],[9.59622401 9.39482568 9.35772321 9.42623567],0.0,3.2786157395667344,[0.104 0.182 0.262 0.401],[2.86542855 2.97953934 2.49464969 2.14309272],0.0,,,,4.728547666344416,9.349190509009093,1.9951001216760809,[0.104 0.182 0.262 0.401],[2.94190272 3.7036539  4.48807136 5.7191543 ],-2.553446620247185,8.730708214590342,[0.104 0.182 0.262 0.401],[8.45800467 8.28559208 8.04607392 7.70994135],0.9439485434655124,[0.104 0.182 0.262 0.401],[1.34690747 1.96247536 2.12376083 2.83004225],,,,,,,,,,,,,
49,156.0,199.0,5.55,DSM17677,F.prausnitzii,,hplc_analysis_revisions_zurich,255,pHvar,Markus,,0.488727753062418,yes,"[0.071, 0.083, 0.121, 0.158, 0.203, 0.25, 0.343, 0.458]","[0.0, 0.333333333, 1.0, 1.55, 2.133333333, 2.6, 3.2, 3.783333333]",148.0,5.55,1.0,,0.0,1.251474866585917,[0.121 0.203 0.343 0.458],[1.29158318 1.2843475  1.35877627 1.36302823],0.0,11.296680787267231,[0.203 0.343 0.458],[10.9407316  10.80457545 10.52266983],0.2684564927953079,9.446707387332395,[0.121 0.203 0.343 0.458],[9.59969939 9.38303874 9.44766363 9.65844135],0.0,5.653565297245022,[0.121 0.203 0.343 0.458],[5.1950926  5.73079451 3.90651138 4.92030488],0.0,,,,5.332867510953105,5.108370455297475,1.8252765166125375,[0.121 0.203 0.343 0.458],[2.42787422 2.85096068 3.64800351 4.12118442],-1.3318653404382397,7.95164823885878,[0.121 0.203 0.343 0.458],[7.73958325 7.73305293 7.52920298 7.30640529],0.6498669548297403,[0.121 0.203 0.343 0.458],[1.24899045 1.79444573 2.47679719 3.07871039],,,,,,,,,,,,,
50,157.0,200.0,5.55,DSM17677,F.prausnitzii,,hplc_analysis_revisions_zurich,256,pHvar,Markus,,0.4709213042143287,yes,"[0.095, 0.109, 0.141, 0.195, 0.263, 0.321, 0.412, nan]","[0.0, 0.333333333, 1.0, 1.55, 2.133333333, 2.6, 3.2, nan]",149.0,5.55,1.0,,0.0,1.342583438517892,[0.109 0.195 0.321 0.412],[1.37587317 1.30940042 1.314006   1.37388612],0.0,11.630852439133236,[0.109 0.195 0.321 0.412],[11.532278   10.913983   10.7865048  10.68939732],0.7940568826593697,9.294925846978392,[0.109 0.321 0.412],[9.41514791 9.43770855 9.70051697],0.0,9.277038950739769,[0.109 0.195 0.321 0.412],[7.11729876 6.81000674 3.30074262 2.68564103],0.0,,,,4.345316683669369,4.808017715153496,1.796663801196548,[0.109 0.195 0.321 0.412],[2.31059601 2.77645158 3.27311731 3.81240468],-1.1596476373321691,7.908814700652711,[0.109 0.195 0.321 0.412],[7.75848794 7.71755285 7.53308053 7.42358288],0.9748686928041224,[0.109 0.195 0.321 0.412],[1.48013535 1.8198447  2.27003687 2.83555125],,,,,,,,,,,,,
51,158.0,201.0,5.55,DSM17677,F.prausnitzii,,hplc_analysis_revisions_zurich,257,pHvar,Markus,,0.4858826517221946,yes,"[0.063, 0.079, 0.115, 0.162, 0.198, 0.231, 0.323, 0.412]","[0.0, 0.35, 1.016666667, 1.566666667, 2.15, 2.633333333, 3.216666667, 3.783333333]",150.0,5.55,1.0,,0.0,1.2798920275445211,[0.115 0.198 0.323 0.412],[1.28493607 1.35144605 1.29475207 1.36894932],0.0,11.366797277098057,[0.198 0.323 0.412],[11.03545979 10.82180652 10.67659755],0.8819202301057026,9.261814218834894,[0.115 0.198 0.323 0.412],[9.32028511 9.44650903 9.66577744 9.5389377 ],0.0,8.026690293467817,[0.115 0.198 0.323 0.412],[7.780131   4.78066467 5.24591936 4.19210131],0.0,,,,5.212009167806229,3.720877343629701,2.3924645800319126,[0.115 0.198 0.323 0.412],[2.84003289 3.16617161 3.43977411 4.02335916],-1.087956822697106,7.947154706382923,[0.115 0.198 0.323 0.412],[7.78124787 7.78171991 7.61169191 7.47378039],0.596120919897457,[0.115 0.198 0.323 0.412],[1.29550523 1.48525919 2.28933805 2.77656682],,,,,,,,,,,,,
52,160.0,202.0,6.0,DSM17677,F.prausnitzii,,hplc_analysis_revisions_zurich,258,pHvar,Markus,,0.5063284966348154,yes,"[0.111, 0.15, 0.192, 0.258, 0.343, 0.445, nan, nan]","[0.0, 0.35, 1.016666667, 1.55, 2.15, 2.633333333, nan, nan]",152.0,6,1.0,,0.0,1.2120474558052967,[0.15  0.258 0.343 0.445],[1.22833094 1.26210745 1.25082377 1.27692465],0.0,11.342062096076653,[0.15  0.258 0.343 0.445],[11.0852559  10.54152291 10.41871465 10.32398213],0.0,,,,0.0,7.592795704996381,[0.15  0.258 0.343 0.445],[5.53365918 7.08818895 5.16388185 3.67698797],0.0,,,,4.887098877399881,4.067566555212377,1.909200958532604,[0.15  0.258 0.343 0.445],[2.2904035  3.37207502 3.20850804 3.63062688],-1.1288282881680125,7.596842564162826,[0.15  0.258 0.343 0.445],[7.43448513 7.3051633  7.1903149  7.10732829],0.737076813708905,[0.15  0.258 0.343 0.445],[1.51509835 1.89238938 2.47685462 2.90893516],,,,,,,,,,,,,
53,161.0,203.0,6.0,DSM17677,F.prausnitzii,,hplc_analysis_revisions_zurich,259,pHvar,Markus,,0.4945120562648825,yes,"[0.119, 0.144, 0.2, 0.253, 0.37, 0.424, nan, nan]","[0.0, 0.366666667, 1.016666667, 1.566666667, 2.15, 2.633333333, nan, nan]",153.0,6,1.0,,-0.0660866082270456,1.3250330690957728,[0.144 0.2   0.37  0.424],[1.30325739 1.33880773 1.2521805  1.33068009],0.0,11.143945591569324,[0.144 0.2   0.37  0.424],[11.03112724 10.69719934 10.58795862 10.50882227],0.0,9.168106631649357,[0.144 0.2   0.37  0.424],[9.2124447  9.09066594 9.15860407 9.15175243],0.0,7.998862939141663,[0.144 0.2   0.37  0.424],[7.69012305 4.28862216 5.81007576 2.99191028],0.0,,,,4.907132466617791,6.090280275316398,1.4690560224091984,[0.144 0.2   0.37  0.424],[2.4358147  2.64295383 3.44022122 4.28797331],-1.1435148117180565,7.62128653444868,[0.144 0.2   0.37  0.424],[7.43594734 7.41051533 7.23099612 7.10636749],0.6169248479646395,[0.144 0.2   0.37  0.424],[1.24707817 1.71174754 2.35871018 2.73448024],,,,,,,,,,,,,
54,164.0,191.0,6.64,DSM17677,F.prausnitzii,,hplc_analysis_revisions_zurich,247,pHvar,Markus,,0.2042886468998176,yes,"[0.07, 0.074, 0.074, 0.098, 0.152, 0.274, 0.421, nan]","[0.0, 1.15, 2.25, 4.25, 6.25, 7.483333333, 8.683333333, nan]",156.0,6.64,1.0,,0.0,1.151583365154065,[0.098 0.152 0.274 0.421],[1.04157449 1.69680023 1.63564342 1.75918551],0.2708125943189705,10.861164661420348,[0.098 0.152 0.274 0.421],[10.86399294 11.02279654 10.76701886 11.04676821],0.744792555515485,8.95609497767053,[0.098 0.152 0.274 0.421],[9.21032886 9.05258408 8.79251936 9.47277658],0.0,3.279487704818214,[0.098 0.152 0.274 0.421],[3.27555406 2.27373531 2.42853594 1.81555595],0.0,,,,4.658413765184909,7.710834868772415,1.936445547135448,[0.098 0.152 0.274 0.421],[2.66781847 3.24442442 3.85383751 5.26644074],-2.5700892805665294,8.661685291831557,[0.098 0.152 0.274 0.421],[8.46437208 8.26900282 7.84131983 7.64331206],1.0451540923617648,[0.098 0.152 0.274 0.421],[1.43080448 1.93007521 2.15368053 3.06825716],,,,,,,,,,,,,
55,166.0,204.0,6.0,DSM17677,F.prausnitzii,,hplc_analysis_revisions_zurich,260,pHvar,Markus,,0.458225785,yes,"[0.199, 0.236, 0.296, 0.418, nan, nan, nan, nan]","[0.0, 0.366666667, 1.016666667, 1.566666667, nan, nan, nan, nan]",158.0,6,1.0,,0.0,1.181488608485299,[0.199 0.236 0.296 0.418],[1.21862724 1.23017193 1.29285937 1.27079367],0.0,11.153326201376682,[0.199 0.236 0.296 0.418],[10.84321359 10.5498183  10.49657208 10.30777853],0.0,,,,3.470826394007976,4.82723958940379,[0.199 0.236 0.296 0.418],[5.22296243 5.94253292 5.94226265 6.18917988],0.0,,,,5.3307327078332545,4.707155667057076,2.0515230088206486,[0.199 0.236 0.296 0.418],[2.82407936 3.19967949 3.68393929 3.90691576],-1.4851752596946195,7.620063599672293,[0.199 0.236 0.296 0.418],[7.34922605 7.28148742 7.11830105 7.02477351],0.6508475505734451,[0.199 0.236 0.296 0.418],[1.69642674 1.87390139 2.30830716 2.8497668 ],,,,,,,,,,,,,
56,169.0,192.0,6.64,DSM17677,F.prausnitzii,,hplc_analysis_revisions_zurich,248,pHvar,Markus,,0.2115347159495747,yes,"[0.07, 0.072, 0.073, 0.103, 0.16, 0.269, 0.453, nan]","[0.0, 1.166666667, 2.266666667, 4.266666667, 6.25, 7.483333333, 8.7, nan]",161.0,6.64,1.0,,0.0,1.152988950817175,[0.103 0.16  0.269 0.453],[1.05139939 1.75665859 1.80932547 1.94398943],2.0041853648862316,10.854770129800777,[0.103 0.16  0.269 0.453],[11.07678015 11.15538855 11.39619159 11.76484282],2.962652994901037,9.216848970682808,[0.103 0.16  0.269 0.453],[ 9.49433836  9.73043109 10.00343288 10.55740676],0.0,2.5073768512121375,[0.103 0.16  0.269 0.453],[2.47890679 1.57444019 1.21021597 0.883303  ],0.0,,,,5.454388910805448,7.918588541940771,2.1580225940953173,[0.103 0.16  0.269 0.453],[3.08281036 3.31552014 4.25478623 5.77878336],-2.616016188829862,8.304861640672954,[0.103 0.16  0.269 0.453],[8.5314041  7.42938825 7.38527078 7.29660748],0.958301805819498,[0.103 0.16  0.269 0.453],[1.45646933 1.93747154 2.37703844 3.43480099],,,,,,,,,,,,,
57,184.0,217.0,7.15,DSM18205,P.copri,,hplc_analysis_revisions_stanford,285,pHvar,Richa,,2.276549524356528,yes,"[nan, nan, nan, 0.051, 0.116, 0.235, 0.372, 0.468, nan, nan, nan, nan]","[0.0, 0.3, 0.88, 1.53, 1.83, 2.15, 2.37, 2.5, nan, nan, nan, nan]",176.0,7.15,1.0,,-1.5060584014891176,15.194723849528598,[0.116 0.235 0.372 0.468],[14.95468908 14.9068666  14.71367192 14.40995224],12.948211248349288,12.628382028009945,[0.116 0.235 0.372 0.468],[13.99823121 15.94034982 17.27642141 18.71984527],3.2198442103086684,9.68109536480184,[0.116 0.235 0.372 0.468],[10.09522537 10.40114387 10.81877515 11.24407152],0.0159876769650376,1.4139334571120978,[0.116 0.235 0.372 0.468],[1.4062565  1.43377544 1.41579045 1.41895275],0.0,8.429767398840745,[0.116 0.235 0.372 0.468],[8.38840849 8.33693737 8.2990043  8.25259482],0.9779050810003616,12.190808900424148,0.6433954177798841,[0.116 0.235 0.372 0.468],[2.01091491 3.65177171 5.00092127 6.42922719],-0.514193402961074,2.93177322243974,[0.116 0.235 0.372 0.468],[2.8509512  2.8360069  2.75729222 2.67043822],-0.204389615991722,[0.372 0.468],[0.15939107 0.25326996],,,,,,,,,,,,,
58,185.0,218.0,7.15,DSM18205,P.copri,,hplc_analysis_revisions_stanford,286,pHvar,Richa,,2.146521291,yes,"[0.042, 0.067, 0.16, 0.249, 0.328, 0.468, nan, nan, nan, nan, nan, nan]","[0.0, 0.3, 0.62, 0.83, 0.97, 1.17, nan, nan, nan, nan, nan, nan]",177.0,7.15,1.0,,-2.2434650793150066,15.585158574750738,[0.16  0.249 0.328 0.468],[15.17228049 15.08140286 14.88210631 14.50146922],12.804452690550225,12.847530618362123,[0.16  0.249 0.328 0.468],[14.88921204 15.97778398 17.1536745  18.79881745],3.708721122307733,9.558217053841874,[0.16  0.249 0.328 0.468],[10.1513119  10.45831279 10.81190522 11.28034725],0.0,1.336727395713254,[0.16  0.249 0.328 0.468],[1.32275846 1.30690696 1.29265538 1.2877511 ],0.0,8.215456358929192,[0.16  0.249 0.328 0.468],[8.11523293 8.08752257 8.06860575 7.95110622],0.5194249943495988,13.004814286743088,0.7508061045741958,[0.16  0.249 0.328 0.468],[2.82025244 3.9346531  5.12631958 6.79280052],-0.1083918631883669,2.7192166502057447,[0.16  0.249 0.328 0.468],[2.73337383 2.68214657 2.63013319 2.70060082],-0.0159898439224369,[0.328 0.468],[0.15438155 0.22710105],,,,,,,,,,,,,
59,186.0,214.0,6.56,DSM18205,P.copri,,hplc_analysis_revisions_stanford,280,pHvar,Richa,,2.0775931972280306,yes,"[0.045, 0.084, 0.132, 0.185, 0.283, 0.399, 0.479, nan]","[0.0, 0.37, 0.53, 0.7, 0.88, 1.07, 1.17, nan]",178.0,6.56,1.0,,-3.4675373104903873,17.849626651963792,[0.132 0.283 0.479],[17.34504345 16.95128958 16.15256857],11.528887627585604,13.77986769780095,[0.132 0.283 0.479],[15.22508713 17.17814506 19.24319644],1.7060527207242242,9.440920904974137,[0.132 0.283 0.479],[ 9.6747781   9.90840522 10.26479053],0.0,0.136240513999911,[0.132 0.283 0.479],[0.1226452  0.028576   0.02957044],0.0,3.2776271969205757,[0.132 0.283 0.479],[3.14345525 2.79573277 2.64890702],0.3102704037848857,12.402584641724978,0.5485796001753646,[0.132 0.283 0.479],[2.13911547 4.14102146 6.45351254],-0.0349826730156495,6.63078201372425,[0.132 0.283 0.479],[6.62530704 6.62239962 6.61336487],0.0722636314903988,[0.132 0.283 0.479],[0.11760111 0.1523126  0.22425892],,,,,,,,,,,,,
60,187.0,205.0,5.52,DSM18205,P.copri,,hplc_analysis_revisions_stanford,263,pHvar,Richa,,0.7076202396316953,yes,"[nan, nan, 0.096, 0.115, 0.173, 0.21, 0.288, 0.357, 0.444, 0.472, nan, nan]","[0.0, 0.63, 0.93, 1.52, 2.17, 2.47, 2.78, 3.0, 3.18, 3.27, nan, nan]",179.0,5.52,1.0,,-2.278516401297286,16.035877388050217,[0.115 0.21  0.357 0.472],[15.69308879 15.64632718 15.27052722 14.90415844],17.58850927072629,12.206557291561513,[0.115 0.21  0.357 0.472],[13.83775435 16.30926422 18.76886782 20.20748247],1.0701886564323138,9.182207452705637,[0.115 0.21  0.357 0.472],[9.27224205 9.4371181  9.59808597 9.6563814 ],0.0,0.1791873224122462,[0.115 0.21  0.357 0.472],[0.16987648 0.15144774 0.15373674 0.12792463],0.0,4.516667999200959,[0.115 0.21  0.357 0.472],[4.2995353  3.97173902 3.85528938 3.4462438 ],0.1337503429131463,0.6302647291757328,0.4017142822444044,[0.115 0.21  0.357 0.472],[0.43270508 0.59099043 0.62583721 0.6846499 ],0.0,5.92033933657261,[0.115 0.21  0.357 0.472],[5.9404097  5.97829632 6.00834428 6.0275577 ],0.0810112699192305,[0.115 0.21  0.357 0.472],[0.09392861 0.11214558 0.12946781 0.14285097],,,,,,,,,,,,,
61,189.0,209.0,5.97,DSM18205,P.copri,,hplc_analysis_revisions_stanford,271,pHvar,Richa,,0.5476477086521285,yes,"[nan, nan, nan, nan, 0.076, 0.085, 0.092, 0.207, 0.525, nan]","[0.0, 1.02, 3.57, 4.1, 4.47, 6.03, 6.45, 7.17, 7.73, nan]",181.0,5.97,1.0,,-1.6856185780695103,16.412122353755585,[0.076 0.092 0.207 0.525],[16.30316011 16.18141587 16.13914775 15.50770896],14.497299672112334,10.739098373074649,[0.076 0.092 0.207 0.525],[11.46170546 12.06968594 14.27974156 18.19283024],0.4673450225753945,9.571142242810255,[0.076 0.092 0.207 0.525],[9.62007572 9.58970494 9.68220989 9.81318894],0.0,0.5742736999910453,[0.076 0.092 0.207 0.525],[0.56133776 0.57224564 0.55638158 0.5274475 ],0.0,17.000627109952582,[0.076 0.092 0.207 0.525],[16.95373725 16.88163527 16.67821378 16.36152736],0.0,2.727578518983367,0.3555798501454488,[0.076 0.092 0.207 0.525],[0.49326726 0.58580522 1.04667437 1.75139321],-0.1124125047070211,6.194060917484408,[0.076 0.092 0.207 0.525],[6.22559494 6.19298789 6.10158341 6.15490618],0.1173598103304321,[0.076 0.092 0.207 0.525],[0.1446885  0.07716194 0.06707677 0.04449988],,,,,,,,,,,,,
62,190.0,206.0,5.52,DSM18205,P.copri,,hplc_analysis_revisions_stanford,264,pHvar,Richa,,0.8937473456460532,yes,"[nan, nan, nan, 0.1, 0.166, 0.224, 0.29, 0.369, 0.434, 0.466, nan, nan]","[0.0, 0.63, 0.93, 1.52, 2.17, 2.47, 2.78, 3.0, 3.18, 3.27, nan, nan]",182.0,5.52,1.0,,-2.2777789544054468,16.112286778809736,[0.1   0.224 0.369 0.466],[15.81050047 15.68039411 15.3556138  14.96269293],16.441971346731897,12.515059956859268,[0.1   0.224 0.369 0.466],[14.08932056 16.25338291 18.70801335 20.0657678 ],0.7377033531376789,9.321232291251455,[0.1   0.224 0.369 0.466],[9.39991406 9.46630459 9.62524218 9.64846653],0.0957437826033822,0.1048472318477916,[0.1   0.224 0.369 0.466],[0.09983035 0.14995986 0.13618932 0.14437645],0.080182476242678,3.732396384044948,[0.1   0.224 0.369 0.466],[3.54617722 4.04294783 3.76491129 3.66848069],0.1206832802195731,0.5532944626928771,0.4012400332294769,[0.1   0.224 0.369 0.466],[0.43701257 0.55773092 0.59798323 0.6535017 ],0.0,5.935292866591549,[0.1   0.224 0.369 0.466],[5.97217765 5.96764921 6.04315181 6.049244  ],0.0856928070294903,[0.1   0.224 0.369 0.466],[0.09569673 0.11621378 0.12931252 0.14142012],,,,,,,,,,,,,
63,191.0,213.0,6.56,DSM18205,P.copri,,hplc_analysis_revisions_stanford,279,pHvar,Richa,,2.292097797798473,yes,"[0.044, 0.11, 0.158, 0.251, 0.36, 0.49, nan, nan]","[0.0, 0.37, 0.53, 0.7, 0.88, 1.07, nan, nan]",183.0,6.56,1.0,,-3.9085145890808057,17.757752470554834,[0.11  0.251 0.49 ],[17.3476167  16.74523281 15.85426199],11.8895019435317,14.331803705224605,[0.11  0.251 0.49 ],[15.28232692 17.88419573 19.94685463],1.7863505670734232,9.533334744756564,[0.11  0.251 0.49 ],[ 9.63565934 10.1314414  10.35308782],0.0,0.1229820482891094,[0.11  0.251 0.49 ],[0.11065008 0.04655762 0.01985326],0.0,3.603628241340405,[0.11  0.251 0.49 ],[3.44645466 3.0297314  2.68863576],0.3684166606696988,12.24236521446939,0.9656849660221234,[0.11  0.251 0.49 ],[2.09528712 4.3836318  6.83638877],-0.0736035575123094,6.6359620524762715,[0.11  0.251 0.49 ],[6.62315713 6.62497393 6.59711847],0.0806098972127219,[0.11  0.251 0.49 ],[0.12297715 0.1701547  0.26222042],,,,,,,,,,,,,
64,192.0,210.0,5.97,DSM18205,P.copri,,hplc_analysis_revisions_stanford,272,pHvar,Richa,,0.6984819137711986,yes,"[nan, nan, nan, nan, 0.063, 0.077, 0.105, 0.282, 0.65, nan]","[0.0, 1.02, 3.57, 4.1, 4.47, 6.03, 6.45, 7.17, 7.73, nan]",184.0,5.97,1.0,,-2.4062165290278146,16.692580457520716,[0.063 0.105 0.282 0.65 ],[16.4831038  16.38482142 16.18797153 15.0675869 ],14.72917146338226,10.896946497465423,[0.063 0.105 0.282 0.65 ],[11.56201997 12.40194386 15.53142783 20.29448293],0.4219252114974532,9.6335579848129,[0.063 0.105 0.282 0.65 ],[9.66032273 9.67512483 9.75629919 9.90660293],0.0,0.4975138774100774,[0.063 0.105 0.282 0.65 ],[0.46042961 0.52149799 0.50387415 0.46893642],2.7380819462366213,12.895862478305764,[0.063 0.105 0.282 0.65 ],[11.0216592  14.77777025 14.57142913 14.22448147],0.0,4.676982303773135,0.0019665529874467,[0.063 0.105 0.282 0.65 ],[0.24922253 0.48746789 1.40474052 3.0111158 ],0.0,6.159642216612208,[0.063 0.105 0.282 0.65 ],[6.17463913 6.15175471 6.15444253 6.17212832],0.0762716842643342,[0.063 0.105 0.282 0.65 ],[0.07842399 0.06999066 0.05973299 0.05112387],,,,,,,,,,,,,
65,203.0,212.0,5.97,ATCC27255,R.bromii,,hplc_analysis_revisions_stanford,276,pHvar,Richa,,1.3248413318923082,yes,"[0.033, 0.058, 0.305, 0.385, 0.652, nan, nan, nan, nan, nan]","[0.0, 0.33, 1.53, 1.75, 2.28, nan, nan, nan, nan, nan]",195.0,5.97,1.0,,-0.0108323244368761,0.0749136081378433,[0.305 0.385 0.652],[0.07175005 0.07056083 0.06789297],0.5746299855487881,10.955609386722644,[0.305 0.385 0.652],[11.16046804 11.13837755 11.33913601],2.0699167946721255,9.477148575503112,[0.305 0.385 0.652],[10.10347009 10.28056871 10.82523527],0.0,-0.0085078152663786,[0.305 0.385 0.652],[-0.0467947  -0.07088808 -0.10043487],27.723162608689957,-3.1723764377630723,[0.305 0.385 0.652],[ 5.74402307  6.90212838 15.04120346],0.0,0.0,14.107749508827284,[0.305 0.385 0.652],[7.19020359 7.5180745  0.85710201],-3.2400414802972803,24.30990402132737,[0.305 0.385 0.652],[23.29697759 23.0946067  22.1899921 ],,,,,,,,,,,,,,,,
66,206.0,216.0,6.56,ATCC27255,R.bromii,,hplc_analysis_revisions_stanford,284,pHvar,Richa,,1.114084189931115,yes,"[0.075, 0.102, 0.45, 0.6, nan, nan, nan, nan]","[0.0, 0.33, 1.58, 1.92, nan, nan, nan, nan]",198.0,6.56,1.0,,-0.058667471988597,0.1020249846005196,[0.075 0.102 0.45 ],[0.11437696 0.07798914 0.07692435],0.0,11.67961790341504,[0.075 0.102 0.45 ],[11.79354365 11.37372502 11.24352492],2.1821036510698977,10.155024765262803,[0.075 0.102 0.45 ],[ 9.98485552 10.73732673 11.11107104],0.0,-0.033059329895244,[0.075 0.102 0.45 ],[-0.01502888 -0.07634192 -0.08961474],7.496759725972106,6.822946374856427,[0.075 0.102 0.45 ],[ 6.16588836  8.90153289 10.10188623],0.0,14.401940355102944,1.5264251989459738,[0.075 0.102 0.45 ],[0.63017912 5.12515544 7.85395763],-2.716811401679321,24.78417728141077,[0.075 0.102 0.45 ],[24.98887371 24.06691458 23.5933028 ],,,,,,,,,,,,,,,,
67,207.0,219.0,7.15,ATCC27255,R.bromii,,hplc_analysis_revisions_stanford,288,pHvar,Richa,,1.2530374051000803,yes,"[0.145, 0.228, 0.39, 0.543, nan, nan, nan, nan, nan, nan, nan, nan]","[0.0, 0.33, 0.77, 1.05, nan, nan, nan, nan, nan, nan, nan, nan]",199.0,7.15,1.0,,0.0,0.0556619152253249,[0.145 0.228 0.39  0.543],[0.07143197 0.05766268 0.06402282 0.08603569],0.0,13.384493282228943,[0.145 0.228 0.39  0.543],[13.27327107 13.0912853  12.89120683 12.8181385 ],2.162905548331841,11.60729254089619,[0.145 0.228 0.39  0.543],[11.92693235 12.09123327 12.45411446 12.78164472],0.0,0.5691282517343242,[0.145 0.228 0.39  0.543],[ 0.64290393 -0.07659072 -0.09071237 -0.0973048 ],13.300656188839003,6.159236042263887,[0.145 0.228 0.39  0.543],[ 7.98261533  9.30154547 11.39421464 13.32922572],0.0,2.1508257849368326,2.0250863720385146,[0.145 0.228 0.39  0.543],[2.32808218 2.52534158 2.86667799 3.18922221],-2.8246437476550934,24.608794851907724,[0.145 0.228 0.39  0.543],[24.19681073 23.98214886 23.47768747 23.08954761],,,,,,,,,,,,,,,,
68,208.0,220.0,7.15,ATCC27255,R.bromii,,hplc_analysis_revisions_stanford,289,pHvar,Richa,,1.2700232287004176,yes,"[0.122, 0.206, 0.351, 0.466, nan, nan, nan, nan, nan, nan, nan, nan]","[0.0, 0.33, 0.77, 1.05, nan, nan, nan, nan, nan, nan, nan, nan]",200.0,7.15,1.0,,0.0,0.0638962533062376,[0.122 0.206 0.351 0.466],[0.06001522 0.07852586 0.08111698 0.07341315],0.0,13.591653741538508,[0.122 0.206 0.351 0.466],[13.43475314 13.36381734 13.1770397  13.0353705 ],2.2265061914616644,11.724300204280231,[0.122 0.206 0.351 0.466],[11.96799246 12.21541788 12.51600345 12.74713661],0.0,-0.0426597529489053,[0.122 0.206 0.351 0.466],[-0.05589232 -0.06116932 -0.08634432 -0.08846451],11.924611316467397,6.3796522773527675,[0.122 0.206 0.351 0.466],[ 7.94361261  8.74188485 10.45172516 12.03506645],0.0,2.166405618001809,2.031293147771901,[0.122 0.206 0.351 0.466],[2.274028   2.51370897 2.77451451 3.04345554],-2.708688441094541,24.983017022817194,[0.122 0.206 0.351 0.466],[24.64159811 24.42591961 24.06303126 23.70007086],,,,,,,,,,,,,,,,
69,209.0,215.0,6.56,ATCC27255,R.bromii,,hplc_analysis_revisions_stanford,283,pHvar,Richa,,1.1668989335177258,yes,"[0.073, 0.105, 0.477, 0.662, nan, nan, nan, nan]","[0.0, 0.33, 1.58, 1.92, nan, nan, nan, nan]",201.0,6.56,1.0,,-0.0335804060756745,0.1006074588722491,[0.073 0.105 0.477],[0.11385566 0.08003144 0.08594011],0.0,11.572889748520936,[0.073 0.105 0.477],[11.76200935 11.32055757 11.46924462],2.2043915631364133,10.19623103383296,[0.073 0.105 0.477],[ 9.98653768 10.83018685 11.21584504],0.0,-0.0365740753183162,[0.073 0.105 0.477],[-0.01770658 -0.08146985 -0.09729145],18.6452412106302,5.219923235234877,[0.073 0.105 0.477],[ 5.34281749  8.52239446 14.00719075],0.0,0.0,4.028346130360513,[0.073 0.105 0.477],[0.60287987 6.75954736 1.20758038],-2.8179372447657967,24.71997263017944,[0.073 0.105 0.477],[24.94017276 23.96154229 23.41245395],,,,,,,,,,,,,,,,
70,210.0,211.0,5.97,ATCC27255,R.bromii,,hplc_analysis_revisions_stanford,275,pHvar,Richa,,1.2320504856750332,yes,"[0.04, 0.064, 0.281, 0.371, 0.658, nan, nan, nan, nan, nan]","[0.0, 0.33, 1.53, 1.75, 2.28, nan, nan, nan, nan, nan]",202.0,5.97,1.0,,-0.026304474361173,0.0837585201251833,[0.281 0.371 0.658],[0.07882994 0.07076422 0.06722254],0.0,11.595510549915245,[0.281 0.371 0.658],[11.4224084  11.24185206 11.09383172],1.8550111790931576,9.523304618653713,[0.281 0.371 0.658],[10.04610327 10.20949017 10.74438506],0.0,-0.0412983132193485,[0.281 0.371 0.658],[-0.06498769 -0.06844438 -0.09358969],9.893078424367872,4.913716720054517,[0.281 0.371 0.658],[ 8.28611786  7.80581822 11.60914682],0.0,14.749398975629942,-1.975460461371359,[0.281 0.371 0.658],[0.52149601 5.66086792 7.21296735],-2.8508537469874966,24.15570963278273,[0.281 0.371 0.658],[23.34342251 23.11275144 22.27633654],,,,,,,,,,,,,,,,
71,211.0,208.0,5.52,ATCC27255,R.bromii,,hplc_analysis_revisions_stanford,268,pHvar,Richa,,0.8094486903908142,yes,"[0.048, 0.062, 0.187, 0.243, 0.34, 0.388, 0.443, 0.46, nan, nan, nan, nan]","[0.0, 0.33, 1.58, 1.92, 2.32, 2.58, 2.77, 2.83, nan, nan, nan, nan]",203.0,5.52,1.0,,-0.0189431802183786,0.0760057692813261,[0.187 0.34  0.388 0.46 ],[0.07269107 0.0671738  0.07177802 0.06633331],0.0,11.477515607443078,[0.187 0.34  0.388 0.46 ],[11.37027695 11.34096139 11.21596355 11.24254806],1.8410669425702029,9.295234008811487,[0.187 0.34  0.388 0.46 ],[ 9.64167653  9.90072606 10.03548444 10.13451605],0.0,-0.0274373911309322,[0.187 0.34  0.388 0.46 ],[-0.04830275 -0.06946498 -0.07446938 -0.07965905],11.889236287654173,4.659303708154667,[0.187 0.34  0.388 0.46 ],[ 6.92212806  8.83455682  8.90089436 10.32733549],0.0,11.379873949006104,-1.9309073181587135,[0.187 0.34  0.388 0.46 ],[0.4442474  0.45337548 4.02228417 3.00379036],-2.6368459713909234,23.68755529525632,[0.187 0.34  0.388 0.46 ],[23.19283915 22.80412779 22.64879058 22.47880046],,,,,,,,,,,,,,,,
72,213.0,207.0,5.52,ATCC27255,R.bromii,,hplc_analysis_revisions_stanford,267,pHvar,Richa,,0.8120928094160561,yes,"[0.041, 0.055, 0.162, 0.207, 0.29, 0.348, 0.39, 0.398, nan, nan, nan, nan]","[0.0, 0.33, 1.58, 1.92, 2.32, 2.58, 2.77, 2.83, nan, nan, nan, nan]",205.0,5.52,1.0,,-0.1390647989597996,0.1205957506772029,[0.162 0.29  0.348 0.398],[0.10456929 0.06761134 0.0688477  0.07475503],0.2835625355090018,11.159546482317168,[0.162 0.29  0.348 0.398],[11.16726052 11.30362915 11.30504425 11.20195993],0.9184054396478832,9.591748288288052,[0.162 0.29  0.348 0.398],[ 9.77573564  9.7845256   9.90407279 10.00290884],0.0,-0.0346398385691663,[0.162 0.29  0.348 0.398],[-0.0511652  -0.06384123 -0.06970948 -0.07518679],9.265644120146606,5.60081181903241,[0.162 0.29  0.348 0.398],[7.23090729 7.96500078 8.9134388  9.39414206],0.0,8.194093588031155,-1.3799979301712253,[0.162 0.29  0.348 0.398],[0.41825158 0.44613825 0.43766676 2.99447581],-3.1681429146944335,23.895271066559857,[0.162 0.29  0.348 0.398],[23.39949475 22.93197484 22.80652788 22.64765159],,,,,,,,,,,,,,,,
73,,,,ATCC29148,B.theta,av [67]_used_only: [41.0],av,av_B.theta_ATCC29148_epsilon,epsilon,,,0.657623091,,,,,5.83,1.0,,-6.18587441062752,,,,4.741266363641708,,,,1.5247580878716656,,,,3.340604151490081,,,,0.0,,,,0.0,0.7932252851135089,,,,0.0,,,,,,,,,,,,,,,10.399853888116963,0.0,-6.18587441062752,,
74,,,,ATCC29148,B.theta,av [66]_used_only: [42.0],av,av_B.theta_ATCC29148_epsilon,epsilon,,,0.833812552,,,,,5.95,1.0,,-8.846866880117384,,,,4.735056530444136,,,,1.28729510763787,,,,3.10473614718912,,,,0.0,,,,0.0,0.863651762910797,,,,0.0,,,,,,,,,,,,,,,9.990739548181923,0.0,-8.846866880117384,,
75,,,,ATCC29148,B.theta,av [65]_used_only: [43.0],av,av_B.theta_ATCC29148_epsilon,epsilon,,,0.403379475,,,,,5.63,1.0,,-8.880491057380997,,,,4.773560793199094,,,,0.7927254983789901,,,,3.4384884082376925,,,,0.0,,,,0.0,6.466776934230567,,,,0.0,,,,,,,,,,,,,,,15.471551634046342,0.0,-8.880491057380997,,
76,,,,ATCC29148,B.theta,av [64]_used_only: [46.0],av,av_B.theta_ATCC29148_epsilon,epsilon,,,0.977575301,,,,,6.19,1.0,,-5.558616961600451,,,,4.686281835040207,,,,1.0751779314445291,,,,2.859016714947259,,,,0.0,,,,0.0,1.557065770359184,,,,0.0,,,,,,,,,,,,,,,10.177542251791179,0.0,-5.558616961600451,,
77,,,,ATCC29148,B.theta,av [62]_used_only: [47.0],av,av_B.theta_ATCC29148_epsilon,epsilon,,,1.052826888,,,,,7.14,1.0,,-5.960954848007948,,,,4.8885455290724655,,,,1.2362772722367723,,,,2.381186195489782,,,,0.0,,,,0.0,4.466428640475843,,,,0.0,,,,,,,,,,,,,,,12.972437637274862,0.0,-5.960954848007948,,
78,,,,ATCC29148,B.theta,av [63]_used_only: [51.0],av,av_B.theta_ATCC29148_epsilon,epsilon,,,1.017009371,,,,,6.61,1.0,,-4.964175661891235,,,,4.6921395491938656,,,,1.0824390099621022,,,,2.6491630142403633,,,,0.0,,,,0.0,1.7252026716945543,,,,0.0,,,,,,,,,,,,,,,10.148944245090885,0.0,-4.964175661891235,,
79,,,,DSM 1447,B.vulgatus,"av [238, 239, 237]_used_only: [71.0, 72.0, 73.0]",av,av_B.vulgatus_DSM 1447_pHvar,pHvar,,,0.740967907287971,,,,,6.66,3.0,,-5.989188448025966,,,,5.711876086995505,,,,1.301786075088976,,,,1.7310054703389326,,,,0.0,,,,0.1029725332713712,2.17952461363215,,,,-0.3873976559821077,,,,,,,0.32601939317933415,0.1126401650865726,0.07071572620246742,2.9981894228066923,0.0,0.1783536594100916,0.14310335157072976,0.6281279239800276,11.027164779326936,2.3227129782131963,-6.76398375999018,0.9792272118001165,0.011864244527227768
80,,,,DSM 1447,B.vulgatus,"av [240, 241, 242]_used_only: [74.0, 76.0, 79.0]",av,av_B.vulgatus_DSM 1447_pHvar,pHvar,,,0.7435916412614314,,,,,6.35,3.0,,-6.05957903125375,,,,5.658484634305005,,,,0.9150986250238953,,,,1.0188183309865229,,,,2.5533447709991957,,,,0.18655613985510552,1.6917078259065337,,,,-0.8300715055238879,,,,,,,0.4008656000928064,0.5593515546711527,0.8176123488874931,0.8832891096692386,3.3314512893294337,0.3231247126929679,0.22156795998851478,1.3572950415585292,12.02401032707626,2.5137500819032645,-7.719722042301527,2.320101339403673,0.04888885141995967
81,,,,DSM 1447,B.vulgatus,"av [234, 235, 236]_used_only: [75.0, 83.0, 86.0]",av,av_B.vulgatus_DSM 1447_pHvar,pHvar,,,0.7498144509135242,,,,,7,3.0,,-5.3684852081736425,,,,5.419452680330614,,,,1.4658987625175028,,,,0.7931570441033572,,,,0.0,,,,1.368703118440105,2.016325261474893,,,,-0.0351935330049736,,,,,,,0.1832914561787325,0.17779469762439104,0.0138392743832447,1.3737882987681633,0.0,1.232530524667809,0.5601048089513931,0.059964888784296316,11.063536866866471,0.2917451044250067,-5.43887227418359,0.29611751029789435,0.013170365489889672
82,,,,DSM 1447,B.vulgatus,"av [249, 250, 251]_used_only: [77.0, 78.0, 80.0]",av,av_B.vulgatus_DSM 1447_pHvar,pHvar,,,0.8534126039400309,,,,,6,3.0,,-5.000480755664253,,,,4.358612260666701,,,,1.0426943304694458,,,,0.3769294649236316,,,,0.0,,,,0.0,1.3364044506021309,,,,-0.2581324019051219,,,,,,,0.44638777983447187,0.8704797248916963,1.103096541316928,0.6528609841174808,0.0,0.0,0.7574211220845287,0.22369758633932638,7.114640506661909,2.104725576993694,-5.516745559474497,0.8729739516294979,0.036647274047088
83,,,,DSM 1447,B.vulgatus,"av [252, 253, 254]_used_only: [81.0, 82.0, 84.0]",av,av_B.vulgatus_DSM 1447_pHvar,pHvar,,,0.6840738693505067,,,,,5.55,3.0,,-6.006296316922916,,,,4.263529005677828,,,,1.306188011467824,,,,4.162914052944857,,,,0.0,,,,0.0,1.283218172768714,,,,-0.05765726487612097,,,,,,,0.7407357048912617,0.08207593416609484,1.2152981843002149,5.138780909771956,0.0,0.0,0.5856332066778493,0.0769830512106018,11.015849242859224,3.2974901363522773,-6.121610846675158,0.8560176419800664,0.02568150658010308
84,,,,ATCC33656,E.rectale,av [85]_used_only: [116.0],av,av_E.rectale_ATCC33656_epsilon,epsilon,,,0.664183282,,,,,6.12,1.0,,-10.329272816221264,,,,2.1329187677891928,,,,0.0,,,,0.0,,,,3.198011714572367,,,,4.495897895570391,0.0,,,,0.0,,,,,,,,,,,,,,,9.826828377931951,0.0,-10.329272816221264,,
85,,,,ATCC33656,E.rectale,av [84]_used_only: [117.0],av,av_E.rectale_ATCC33656_epsilon,epsilon,,,0.669367656,,,,,6.21,1.0,,-12.202522827821056,,,,2.0212885137138175,,,,0.0,,,,0.0,,,,3.833786222364582,,,,4.376328016550111,0.0,,,,0.0,,,,,,,,,,,,,,,10.231402752628512,0.0,-12.202522827821056,,
86,,,,ATCC33656,E.rectale,"av [83, 76, 69]_used_only: [122.0, 125.0, 135.0]",av,av_E.rectale_ATCC33656_epsilon,epsilon,,,0.7377521640000001,,,,,6.61,3.0,,-10.196793671650827,,,,2.7907081415939587,,,,0.0,,,,0.0,,,,3.394556002152655,,,,4.369647056965354,0.0,,,,0.0,,,,,,,0.8124093147889822,0.44796055813904834,0.0,0.0,0.2028552862188562,0.06418376802353876,0.0,0.0,10.554911200711969,0.5492213543429048,-10.196793671650827,0.8124093147889822,0.03594466523856785
87,,,,ATCC33656,E.rectale,"av [82, 75, 68]_used_only: [123.0, 126.0, 138.0]",av,av_E.rectale_ATCC33656_epsilon,epsilon,,,0.7179169569999999,,,,,7.14,3.0,,-9.339061665450037,,,,3.6368807243988113,,,,0.0,,,,0.0,,,,2.9969416055242886,,,,4.315570431213268,0.0,,,,0.0,,,,,,,0.5387693302651626,0.3384114791730448,0.0,0.0,0.6974847134920646,0.06764004829400806,0.0,0.0,10.949392761136368,0.6843657991576683,-9.339061665450037,0.5387693302651626,0.03113472956169527
88,,,,ATCC33656,E.rectale,"av [77, 70]_used_only: [124.0, 132.0]",av,av_E.rectale_ATCC33656_epsilon,epsilon,,,0.6784280635,,,,,6.19,2.0,,-8.858672947881185,,,,2.4925738161002453,,,,0.0,,,,0.0,,,,3.9751791352388874,,,,4.605162988228141,0.0,,,,0.0,,,,,,,1.2406602906912605,0.223567246269727,0.0,0.0,0.20242218948867652,0.12640021961633824,0.0,0.0,11.072915939567274,0.3905984711727797,-8.858672947881185,1.2406602906912605,0.04992731711716706
89,,,,ATCC33656,E.rectale,av [74]_used_only: [127.0],av,av_E.rectale_ATCC33656_epsilon,epsilon,,,0.516425774,,,,,5.63,1.0,,-8.645548093557087,,,,2.6889155452326494,,,,0.0,,,,0.0,,,,3.662863795877717,,,,5.6739014369678245,0.0,,,,0.0,,,,,,,,,,,,,,,12.02568077807819,0.0,-8.645548093557087,,
90,,,,ATCC33656,E.rectale,av [73]_used_only: [128.0],av,av_E.rectale_ATCC33656_epsilon,epsilon,,,0.584323279,,,,,5.83,1.0,,-10.033525317300493,,,,2.2599278895186883,,,,0.0,,,,0.0,,,,4.5174651133039125,,,,5.349786645478108,0.0,,,,0.0,,,,,,,,,,,,,,,12.127179648300709,0.0,-10.033525317300493,,
91,,,,ATCC33656,E.rectale,av [72]_used_only: [129.0],av,av_E.rectale_ATCC33656_epsilon,epsilon,,,0.665876728,,,,,5.95,1.0,,-9.480219372724218,,,,2.2884155442794465,,,,0.0,,,,0.0,,,,3.935438823417624,,,,4.9104747575342005,0.0,,,,0.0,,,,,,,,,,,,,,,11.134329125231272,0.0,-9.480219372724218,,
92,,,,ATCC33656,E.rectale,av [71]_used_only: [131.0],av,av_E.rectale_ATCC33656_epsilon,epsilon,,,0.68803148,,,,,6.06,1.0,,-9.891881894741994,,,,2.5383950468109253,,,,0.0,,,,0.0,,,,4.207383269645938,,,,4.828979447954723,0.0,,,,0.0,,,,,,,,,,,,,,,11.574757764411586,0.0,-9.891881894741994,,
93,,,,ATCC33656,E.rectale,av [89]_used_only: [139.0],av,av_E.rectale_ATCC33656_epsilon,epsilon,,,0.598489292,,,,,5.98,1.0,,-11.098610828642592,,,,2.430204846565249,,,,0.0,,,,0.0,,,,5.305486684040881,,,,4.45966383964188,0.0,,,,0.0,,,,,,,,,,,,,,,12.19535537024801,0.0,-11.098610828642592,,
94,,,,DSM17677,F.prausnitzii,"av [246, 247, 248]_used_only: [144.0, 156.0, 161.0]",av,av_F.prausnitzii_DSM17677_pHvar,pHvar,,,0.2054865085237428,,,,,6.64,3.0,,0.0,,,,0.7583326530684006,,,,2.249161609011757,,,,0.26475802294054834,,,,0.0,,,,5.04071550913514,7.5977707820555835,,,,-2.736385105002134,,,,,,,0.0,1.087403604908649,1.3033962735820122,0.45857434744451614,0.0,0.39891383003411757,0.38984675166893507,0.24931872243474454,15.910738576211429,2.024012673503837,-5.472770210004268,0.4986374448694891,0.005547140701930812
95,,,,DSM17677,F.prausnitzii,"av [245, 244, 243]_used_only: [145.0, 146.0, 147.0]",av,av_F.prausnitzii_DSM17677_pHvar,pHvar,,,0.28064843015857616,,,,,6.97,3.0,,-0.015229603647243834,,,,0.4742879593070275,,,,0.600565166295103,,,,0.0,,,,0.0,,,,5.051189231541559,8.94549180656868,,,,-2.167157167769912,,,,,,,0.0263784472961626,0.41839606067366075,1.0402093812791704,0.0,0.0,0.4053246799831944,0.5464385087035669,0.4673852903604849,15.071534163712371,1.551476195291719,-4.349543939187068,0.9416305253513418,0.010081946205472876
96,,,,DSM17677,F.prausnitzii,"av [255, 256, 257]_used_only: [148.0, 149.0, 150.0]",av,av_F.prausnitzii_DSM17677_pHvar,pHvar,,,0.4818439029996471,,,,,5.55,3.0,,0.0,,,,0.0,,,,0.6481445351867934,,,,0.0,,,,0.0,,,,4.963397787476235,4.5457551713602244,,,,-1.1931566001558382,,,,,,,0.0,0.0,0.3317412381773295,0.0,0.0,0.5386741806875348,0.7299798046104214,0.1253594001214419,10.157297494023252,0.3943361258980974,-2.3863132003116765,0.2507188002428838,0.009565616737974314
97,,,,DSM17677,F.prausnitzii,"av [258, 259, 260]_used_only: [152.0, 153.0, 158.0]",av,av_F.prausnitzii_DSM17677_pHvar,pHvar,,,0.48635544596656594,,,,,6,3.0,,-0.0220288694090152,,,,0.0,,,,0.0,,,,1.156942131335992,,,,0.0,,,,5.041654683950308,4.955000832528618,,,,-1.2525061198602294,,,,,,,0.03815512104971411,0.0,0.0,2.003882552890963,0.0,0.25054922489061837,1.0338825455098726,0.20163114830539627,11.15359764781492,1.8624601352244803,-2.527041109129474,0.38687279739914404,0.025067218340384386
98,,,,DSM18205,P.copri,"av [285, 286]_used_only: [176.0, 177.0]",av,av_P.copri_DSM18205_pHvar,pHvar,,,2.211535407678264,,,,,7.15,2.0,,-1.8747617404020622,,,,12.876331969449756,,,,3.4642826663082005,,,,0.0079938384825188,,,,0.0,,,,0.7486650376749802,12.597811593583618,,,,-0.31129263307472044,,,,,,,0.5214252623829299,0.10165265107331631,0.34568817964007764,0.01130499479739805,0.0,0.3241943783097503,0.5755887285884974,0.2869450205892236,29.695085105499075,0.3423279884515704,-2.497347006551503,0.05246477879551759,0.09194384555210787
99,,,,DSM18205,P.copri,"av [280, 279]_used_only: [178.0, 183.0]",av,av_P.copri_DSM18205_pHvar,pHvar,,,2.184845497513252,,,,,6.56,2.0,,-3.6880259497855965,,,,11.709194785558651,,,,1.7462016438988237,,,,0.0,,,,0.0,,,,0.33934353222729224,12.322474928097183,,,,-0.05429311526397945,,,,,,,0.31181802404047426,0.2549928281984326,0.056779151668194076,0.0,0.0,0.04111561254386633,0.11329224349025159,0.027309089323010616,26.117214889781952,0.16941949596225925,-3.7966121803135557,0.3664362026864956,0.15167765765907168
100,,,,DSM18205,P.copri,"av [263, 264]_used_only: [179.0, 182.0]",av,av_P.copri_DSM18205_pHvar,pHvar,,,0.8006837926388742,,,,,5.52,2.0,,-2.2781476778513663,,,,17.015240308729094,,,,0.9039460047849963,,,,0.0478718913016911,,,,0.040091238121339,,,,0.1272168115663597,0.591779595934305,,,,0.0,,,,,,,0.0005214536979843542,0.8107247409439826,0.23510261260450227,0.06770107793530215,0.05669757268352686,0.009239808640815365,0.054426197379762946,0.0,18.72614585043779,0.696567148809697,-2.2781476778513663,0.0005214536979843542,0.13161173882537988
101,,,,DSM18205,P.copri,"av [271, 272]_used_only: [181.0, 184.0]",av,av_P.copri_DSM18205_pHvar,pHvar,,,0.6230648112116636,,,,,5.97,2.0,,-2.0459175535486622,,,,14.613235567747296,,,,0.4446351170364239,,,,0.0,,,,1.3690409731183106,,,,0.0,3.702280411378251,,,,-0.05620625235351055,,,,,,,0.5095396976317481,0.16395811597283635,0.03211665641342416,0.0,1.9361163116283748,0.0,1.3784366354955664,0.07948764436849931,20.129192069280286,2.436968855609189,-2.1583300582556837,0.3505644088947495,0.10665588927457711
102,,,,ATCC27255,R.bromii,"av [276, 275]_used_only: [195.0, 202.0]",av,av_R.bromii_ATCC27255_pHvar,pHvar,,,1.2784459087836706,,,,,5.97,2.0,,-0.01856839939902455,,,,0.28731499277439404,,,,1.9624639868826415,,,,0.0,,,,18.808120516528916,,,,0.0,7.374699487814971,,,,-3.0454476136423887,,,,,,,0.010940462131005265,0.40632475945467583,0.15196121809095756,0.0,12.607773435861159,0.0,10.429400034093849,0.27519728537796967,28.43259898400092,1.9351104049099508,-6.109463626683802,0.539454108624934,0.0656130365922733
103,,,,ATCC27255,R.bromii,"av [284, 283]_used_only: [198.0, 201.0]",av,av_R.bromii_ATCC27255_pHvar,pHvar,,,1.1404915617244202,,,,,6.56,2.0,,-0.046123939032135755,,,,0.0,,,,2.1932476071031557,,,,0.0,,,,13.071000468301154,,,,0.0,7.200970177551472,,,,-2.7673743232225587,,,,,,,0.017739234427101385,0.0,0.015759933760722652,0.0,7.883166857734407,0.0,10.183709687337487,0.07150676939965384,22.465218252955783,1.6155854791891677,-5.580872585477254,0.12527430437220577,0.03734566333672126
104,,,,ATCC27255,R.bromii,"av [288, 289]_used_only: [199.0, 200.0]",av,av_R.bromii_ATCC27255_pHvar,pHvar,,,1.261530316900249,,,,,7.15,2.0,,0.0,,,,0.0,,,,2.1947058698967528,,,,0.0,,,,12.612633752653199,,,,0.0,2.158615701469321,,,,-2.766666094374817,,,,,,,0.0,0.0,0.04497244604492365,0.0,0.9730106604709401,0.0,0.011016605609999166,0.08199278358353165,16.965955324019273,0.648432198088404,-5.533332188749634,0.1639855671670633,0.012010791051836995
105,,,,ATCC27255,R.bromii,"av [268, 267]_used_only: [203.0, 205.0]",av,av_R.bromii_ATCC27255_pHvar,pHvar,,,0.8107707499034351,,,,,5.52,2.0,,-0.0790039895890891,,,,0.1417812677545009,,,,1.379736191109043,,,,0.0,,,,10.57744020390039,,,,0.0,9.78698376851863,,,,-2.9024944430426785,,,,,,,0.08493881117916387,0.20050899174886633,0.6524202054561438,0.0,1.8551598127125133,0.0,2.2526868966163134,0.3756836714335967,21.88594143128256,3.224235747947917,-5.883992875674446,0.8363061540463572,0.0018696744930128864
