,Unnamed: 0,notes,strain,species,experiment,experiment_short,exp_number,medium,experimentator,sample_number,growth_rate,use_in_study,growthcurve_OD,growthcurve_time,exp_number_usedonly,num_av,date_of_experiment,glucose,glucose_y0,glucose_OD,glucose_conc,acetate,acetate_y0,acetate_OD,acetate_conc,propionate,propionate_y0,propionate_OD,propionate_conc,succinate,succinate_y0,succinate_OD,succinate_conc,lactate,lactate_y0,lactate_OD,lactate_conc,butyrate,formate,formate_y0,formate_OD,formate_conc,maltose,maltose_y0,maltose_OD,maltose_conc,butyrate_y0,butyrate_OD,butyrate_conc,glucose_std,acetate_std,propionate_std,succinate_std,lactate_std,butyrate_std,formate_std,maltose_std,total_ferm,total_ferm_std,total_uptake,total_uptake_std,growth_rate_std
0,39.0,,DSM20083,B.adolescentis,analysis_Zur_Newruns_2023_June,m1,42,YCA,Markus,,0.676736599073815,yes,"[0.141, 0.274, 0.3, 0.383, 0.433, 0.533, nan, nan, nan, nan, nan, nan, nan]","[0.0, 0.766666667, 1.1, 1.433333333, 1.683333333, 1.85, nan, nan, nan, nan, nan, nan, nan]",1.0,1.0,,-8.853173988433403,15.272630678578649,[0.188 0.321 0.43  0.58 ],[13.51356235 12.60737826 11.40821665 10.11339416],12.2039671076068,7.979752324647643,[0.188 0.321 0.43  0.58 ],[10.33901022 11.87181886 13.10169052 15.14431572],3.829331046265992,4.043957141019775,[0.188 0.321 0.43  0.58 ],[4.64839475 5.35953584 5.84322754 6.14142429],0.8108074198772997,0.1870274668208227,[0.188 0.321 0.43  0.58 ],[0.34340089 0.40393152 0.60025099 0.63214294],3.3341547325481686,0.8883174760535963,[0.188 0.321 0.43  0.58 ],[1.53047139 1.96891177 2.26409669 2.8543711 ],,0.3667206961814968,0.7600919894339936,[0.188 0.321 0.43  0.58 ],[0.74421223 0.96613016 0.98695269 0.90012162],-0.2729955281711455,1.1411705852948428,[0.188 0.321 0.43  0.58 ],[1.08609444 1.06398544 1.01555283 0.98436942],,,,,,,,,,,,,,,,
1,30.0,,DSM20083,B.adolescentis,analysis_Zur_Newruns_2023_June,m1,33,YCA,Markus,,0.62460359469326,yes,"[0.055, 0.089, 0.112, 0.172, 0.21, 0.278, 0.393, 0.5, 0.563, nan, nan, nan, nan]","[0.0, 0.516666667, 0.85, 1.533333333, 1.9, 2.333333333, 3.0, 3.366666667, 3.583333333, nan, nan, nan, nan]",2.0,1.0,,-6.983131802616277,16.48746523524668,[0.267 0.335 0.45  0.557 0.62 ],[14.7618124  13.68429573 13.81307177 12.65523224 11.95751324],13.580201569555198,8.107230342731345,[0.267 0.335 0.45  0.557 0.62 ],[12.07856854 12.19161814 14.30215711 15.61318493 16.62089229],1.698931976266007,5.210063872834683,[0.267 0.335 0.45  0.557 0.62 ],[5.91274506 5.35024425 6.1252115  6.2948912  6.15414673],0.6259908449966409,0.2942256858042124,[0.267 0.335 0.45  0.557 0.62 ],[0.52202595 0.43904742 0.57508403 0.59879833 0.73150629],3.4115187682358967,0.5886152430921632,[0.267 0.335 0.45  0.557 0.62 ],[1.48526454 1.69365752 2.21426396 2.49550524 2.65866029],,2.6301725044379856,-0.4444509705812254,[0.267 0.335 0.45  0.557 0.62 ],[0.36557364 0.32704353 0.69097617 1.04250864 1.21429768],-0.9191787208802344,1.552516837565984,[0.267 0.335 0.45  0.557 0.62 ],[1.50058626 1.35455623 0.69050581 0.66883378 1.49925274],,,,,,,,,,,,,,,,
2,46.0,,DSM20083,B.adolescentis,analysis_Zur_Newruns_2023_June,m1,51,YCA,Markus,,0.648495129222375,yes,"[0.089, 0.129, 0.189, 0.295, 0.437, 0.517, nan, nan, nan, nan, nan, nan, nan]","[0.0, 0.516666667, 1.066666667, 1.716666667, 2.333333333, 2.766666667, nan, nan, nan, nan, nan, nan, nan]",3.0,1.0,,-8.880348863401624,16.488455131512623,[0.182 0.348 0.49  0.57 ],[14.77552638 13.53696139 12.22074694 11.30083113],10.558169713153124,7.975967499758601,[0.182 0.348 0.49  0.57 ],[10.06738104 11.41299546 12.98408328 14.22690006],1.1719558158329193,5.193409465935478,[0.182 0.348 0.49  0.57 ],[5.3220981  5.78176304 5.67708989 5.85609658],0.196952591351974,0.5430666337234695,[0.182 0.348 0.49  0.57 ],[0.5762233  0.6433119  0.56463009 0.70125585],2.9200860167654907,0.4931574322878719,[0.182 0.348 0.49  0.57 ],[1.07391342 1.41638474 1.94286423 2.1824041 ],,-0.6499736481716623,1.464339494806426,[0.182 0.348 0.49  0.57 ],[1.37496659 1.23412365 1.01674866 1.19806097],-1.8903832440382409,1.6612144050065845,[0.182 0.348 0.49  0.57 ],[1.49859491 0.70474788 0.68364139 0.75216408],,,,,,,,,,,,,,,,
3,18.0,,HM-727,B.finegoldii,analysis_stan_YCA_230712_2.5mM,r3,20,YCA,Richa,,0.702217542069778,yes,"[0.093, 0.114, 0.139, 0.174, 0.21, 0.241, 0.268, 0.327, 0.373, nan, nan, nan]","[0.0, 0.233333333, 0.483333333, 0.7, 1.05, 1.216666667, 1.416666667, 1.75, 1.95, nan, nan, nan]",4.0,1.0,,-4.342713559449411,17.584661326078344,[0.114 0.174 0.21  0.268 0.373],[17.03557675 16.83873112 16.71211383 16.47446563 15.91606855],3.3440816493081376,10.841366582284186,[0.114 0.174 0.21  0.268 0.373],[11.26262461 11.40459302 11.48767108 11.76102731 12.0998259 ],0.346536104786684,8.47360385292125,[0.114 0.174 0.21  0.268 0.373],[8.50048863 8.51585764 8.56368909 8.60492658 8.57776195],2.004002989645933,0.8450429648036389,[0.114 0.174 0.21  0.268 0.373],[1.12370951 1.1439198  1.24989635 1.37750239 1.61274618],0.2104997090196068,1.886246879823196,[0.114 0.174 0.21  0.268 0.373],[1.88565013 1.94914734 1.92303208 1.96504899 1.94811502],-0.124598844612527,1.5304638346254518,1.1887624252387767,[0.114 0.174 0.21  0.268 0.373],[1.39283786 1.43326415 1.48900115 1.60006767 1.7718396 ],0.0155658897239243,2.302651760903941,[0.114 0.174 0.21  0.268 0.373],[2.30031947 2.30436152 2.30725929 2.31676817 2.30227991],0.1810947315855434,[0.114 0.174 0.21  0.268 0.373],[0.16634575 0.14922874 0.16780183 0.14836678 0.13181247],,,,,,,,,,,,,
4,4.0,,HM-727,B.finegoldii,analysis_stan_YCA_230424_2.5mM,r1,5,YCA,Richa,,0.821864330473154,yes,"[0.048, 0.062, 0.074, 0.107, 0.141, 0.175, 0.231, 0.3, 0.452, nan, nan]","[0.0, 0.2, 0.483333333, 0.916666667, 1.266666667, 1.583333333, 1.916666667, 2.25, 2.583333333, nan, nan]",5.0,1.0,,-4.074810192111069,17.634405013329737,[0.062 0.107 0.175 0.3   0.452],[17.4694943  17.28411179 16.77994822 16.24994827 15.92253052],3.275766309230644,11.290828262583403,[0.062 0.107 0.175 0.3   0.452],[11.41037473 11.59687473 11.97578929 12.38528419 12.67605825],0.6600233560296405,7.449140530266902,[0.062 0.107 0.175 0.3   0.452],[7.46375604 7.51512918 7.59416737 7.67135933 7.72467633],1.9327916414516904,0.1174469275456946,[0.062 0.107 0.175 0.3   0.452],[0.20367549 0.28306048 0.51700549 0.76526101 0.9365718 ],0.0964675759765767,7.955584128214432,[0.062 0.107 0.175 0.3   0.452],[7.94159959 7.96989    7.99359378 7.98820682 7.99035893],0.0360340701100752,1.8228106983810413,1.0510238619182275,[0.062 0.107 0.175 0.3   0.452],[1.13024027 1.22477098 1.41054095 1.6590643  1.82830333],-0.0221838621033367,2.107047335709489,[0.062 0.107 0.175 0.3   0.452],[2.10390868 2.10691979 2.10483276 2.09677921 2.09848272],0.1119984264152355,[0.062 0.107 0.175 0.3   0.452],[0.1105051  0.11775489 0.11962184 0.12565725 0.1259464 ],,,,,,,,,,,,,
5,5.0,,HM-727,B.finegoldii,analysis_stan_YCA_230424_2.5mM,r1,6,YCA,Richa,,0.484858933052853,yes,"[0.083, 0.09, 0.104, 0.117, 0.122, 0.141, 0.162, 0.64, nan, nan, nan]","[0.0, 0.666666667, 1.0, 1.333333333, 1.583333333, 1.833333333, 2.166666667, 4.366666667, nan, nan, nan]",6.0,1.0,,-5.546639912146562,17.645635630452343,[0.083 0.104 0.162 0.64 ],[17.27387177 17.03433278 16.68246112 14.10624998],4.380909695513184,11.373454883236844,[0.083 0.104 0.162 0.64 ],[11.72608008 11.77596055 12.15552207 14.16897652],1.9927849792963217,7.684789218732088,[0.083 0.104 0.162 0.64 ],[7.86204219 7.86013236 8.02958779 8.95825888],2.137692465191418,0.7361009273394472,[0.083 0.104 0.162 0.64 ],[0.93884196 0.96449812 1.04609653 2.10914496],0.0251897285011795,1.7776632620285755,[0.083 0.104 0.162 0.64 ],[1.74678874 1.78447502 1.81545683 1.78884511],0.0076684043482375,2.0860288274874432,1.10731712382967,[0.083 0.104 0.162 0.64 ],[1.25932922 1.30316365 1.49353479 2.43632335],-0.0491457222280437,2.1885103572266114,[0.083 0.104 0.162 0.64 ],[2.16929395 2.18204691 2.19970422 2.15439124],0.1495755073847337,[0.083 0.104 0.162 0.64 ],[0.17006733 0.12672222 0.15420147 0.15489506],,,,,,,,,,,,,
6,2.0,,ATCC25285,B.fragilis,analysis_stan_YCA_230424_2.5mM,r1,3,YCA,Richa,,0.923190284271825,yes,"[0.046, 0.056, 0.071, 0.1, 0.14, 0.189, 0.256, 0.348, 0.481, nan, nan]","[0.0, 0.233333333, 0.45, 0.883333333, 1.233333333, 1.55, 1.883333333, 2.2, 2.533333333, nan, nan]",7.0,1.0,,-3.9514754869837505,17.679227166155453,[0.071 0.14  0.256 0.348 0.481],[17.39435508 17.13814717 16.65367629 16.30997012 15.77887495],3.7649236240421886,11.289167356116906,[0.071 0.14  0.256 0.348 0.481],[11.56464148 11.80567277 12.23444445 12.63269838 13.08772073],0.6949207059703406,7.504654844811113,[0.071 0.14  0.256 0.348 0.481],[7.53983756 7.60239677 7.68013448 7.79306062 7.80846202],1.7046221777760866,-0.0512981209147739,[0.071 0.14  0.256 0.348 0.481],[0.08858109 0.18207725 0.36677864 0.52828409 0.78697866],1.4976134119651066,21.554613624221883,[0.071 0.14  0.256 0.348 0.481],[21.62619028 21.80205984 21.92709533 22.10450604 22.25412362],-0.0250870460094047,2.4260896904780136,1.3576474168991122,[0.071 0.14  0.256 0.348 0.481],[1.56823041 1.66407067 1.96116535 2.19867    2.5403129 ],-0.0135070803805274,2.164958472173673,[0.071 0.14  0.256 0.348 0.481],[2.16197948 2.16498794 2.16111652 2.16221105 2.15699221],0.1413937842019968,[0.071 0.14  0.256 0.348 0.481],[0.13333304 0.14037031 0.13116914 0.15207328 0.11751034],,,,,,,,,,,,,
7,3.0,,ATCC25285,B.fragilis,analysis_stan_YCA_230424_2.5mM,r1,4,YCA,Richa,,0.472668123316775,yes,"[0.074, 0.085, 0.126, 0.17, 0.195, 0.21, 0.235, 0.272, 0.304, 0.325, 0.362]","[0.0, 0.333333333, 0.7, 1.083333333, 1.416666667, 1.75, 2.083333333, 2.416666667, 2.75, 3.0, 3.25]",8.0,1.0,,-6.248209701746614,17.131553690249202,[0.085 0.17  0.21  0.304 0.362],[16.60996857 16.09116885 15.75989565 15.27048545 14.85952477],3.5370442482770725,12.09178334388826,[0.085 0.17  0.21  0.304 0.362],[12.40716156 12.67344493 12.83953922 13.14865856 13.39050949],0.1985533892941639,8.463607588886063,[0.085 0.17  0.21  0.304 0.362],[8.49498543 8.47753761 8.50318059 8.52590272 8.54099548],3.408283657574317,0.8522861096202805,[0.085 0.17  0.21  0.304 0.362],[1.18677099 1.37102129 1.56631183 1.87987774 2.11221752],-0.0059828588049499,2.0203618441798383,[0.085 0.17  0.21  0.304 0.362],[1.9985664  2.04996428 2.02014466 2.01612171 2.01024556],-0.3991741805700955,1.9994543514211969,1.2899589329034438,[0.085 0.17  0.21  0.304 0.362],[1.53983732 1.56189406 1.65590992 1.88243992 2.07109632],-0.0395941376736893,2.152623598088008,[0.085 0.17  0.21  0.304 0.362],[2.1551728  2.140582   2.13893016 2.14401488 2.13963718],0.327630702400789,[0.085 0.17  0.21  0.304 0.362],[0.30125194 0.24182314 0.25223497 0.20753829 0.18383917],,,,,,,,,,,,,
8,15.0,,ATCC25285,B.fragilis,analysis_stan_YCA_230607_2.5mM,r2,17,YCA,Richa,,0.788404301175606,yes,"[0.083, 0.107, 0.125, 0.154, 0.183, 0.216, 0.262, 0.333, 0.412, nan, nan, nan]","[0.0, 0.233333333, 0.483333333, 0.7, 1.016666667, 1.216666667, 1.416666667, 1.75, 1.95, nan, nan, nan]",9.0,1.0,,-4.297026723483769,16.876759101013693,[0.107 0.154 0.216 0.333 0.412],[16.45370154 16.22730991 15.85688365 15.49147172 15.10346203],3.186035810457877,11.070967632548012,[0.107 0.154 0.216 0.333 0.412],[11.43976717 11.52951646 11.72518534 12.21333195 12.340373  ],0.2481677036072286,8.691602894117754,[0.107 0.154 0.216 0.333 0.412],[8.75628463 8.70213136 8.6947514  8.84265032 8.76545769],2.861377871909458,0.5592809830068909,[0.107 0.154 0.216 0.333 0.412],[0.8652683  0.98027393 1.19099109 1.54314683 1.71332853],-0.3974762360395406,3.0939039192286457,[0.107 0.154 0.216 0.333 0.412],[3.06036786 3.0419023  2.97795086 2.97141771 2.9321649 ],-0.1354859562930389,2.1354710688470586,1.2241756141644575,[0.107 0.154 0.216 0.333 0.412],[1.49507857 1.52295247 1.65021007 1.95721604 2.10496657],0.0556845541303536,2.239927704734725,[0.107 0.154 0.216 0.333 0.412],[2.23354054 2.24183989 2.27825663 2.26264101 2.25140698],0.2674043111745435,[0.107 0.154 0.216 0.333 0.412],[0.28400503 0.22247891 0.21672811 0.23392573 0.21431993],,,,,,,,,,,,,
9,35.0,,DSM20219,B.longum,analysis_Zur_Newruns_2023_June,m1,38,YCA,Markus,,0.531394348993103,yes,"[0.053, 0.066, 0.093, 0.128, 0.194, 0.234, 0.306, 0.397, nan, nan, nan, nan, nan]","[0.0, 0.566666667, 1.05, 1.733333333, 2.366666667, 2.85, 3.366666667, 3.85, nan, nan, nan, nan, nan]",10.0,1.0,,-10.734561521352685,18.240260633144512,[0.247 0.287 0.359 0.45 ],[15.63486133 14.91669281 14.7186678  13.27430447],15.47982176326661,8.079665168555918,[0.247 0.287 0.359 0.45 ],[11.78115347 12.50456968 13.94102804 14.88131011],1.57902120744102,6.310378246549349,[0.247 0.287 0.359 0.45 ],[6.6369465  6.73863897 7.06342314 6.92312986],0.4590952335682655,0.3908332130164206,[0.247 0.287 0.359 0.45 ],[0.50550591 0.52248431 0.55299722 0.59891031],3.2490962239558803,0.5039935233430638,[0.247 0.287 0.359 0.45 ],[1.28877964 1.47034198 1.6493479  1.9710408 ],,1.6123665936419391,0.6973827090327293,[0.247 0.287 0.359 0.45 ],[1.05542084 1.16736006 1.35298876 1.37916951],0.9621515575473528,0.6074735073382097,[0.247 0.287 0.359 0.45 ],[0.7220773  0.64315477 1.65808413 0.69874737],,,,,,,,,,,,,,,,
10,38.0,,DSM20219,B.longum,analysis_Zur_Newruns_2023_June,m1,41,YCA,Markus,,0.544441535641854,yes,"[0.065, 0.104, 0.123, 0.142, 0.213, 0.242, 0.278, 0.414, 0.481, nan, nan, nan, nan]","[0.0, 0.833333333, 1.3, 1.5, 2.283333333, 2.416666667, 2.916666667, 3.333333333, 3.633333333, nan, nan, nan, nan]",11.0,1.0,,-8.292037384117137,15.12519007137232,[0.112 0.26  0.325 0.461 0.528],[14.21913728 13.05054962 12.31959148 11.17210081 10.88419614],12.002952018290626,8.381937850908118,[0.112 0.26  0.325 0.461 0.528],[ 9.72848046 11.28787487 12.52222879 14.03574779 14.57233444],1.8301195760401376,5.3868070825117975,[0.112 0.26  0.325 0.461 0.528],[5.55643523 5.86548424 6.039356   6.2635606  6.29478094],0.5141667759343741,0.2880888672716946,[0.112 0.26  0.325 0.461 0.528],[0.35839612 0.39741341 0.47119969 0.49507592 0.58524439],3.107293819088507,0.6827552722363734,[0.112 0.26  0.325 0.461 0.528],[1.00003097 1.5070073  1.7238564  2.14604184 2.27573723],,1.09583059423784,0.5221198180913096,[0.112 0.26  0.325 0.461 0.528],[0.53251039 0.88568612 1.0113592  1.00696931 1.02164445],0.1175332005913904,1.0648209228366174,[0.112 0.26  0.325 0.461 0.528],[1.09955448 1.02842764 1.10856915 1.23606971 1.0496446 ],,,,,,,,,,,,,,,,
11,29.0,,DSM20219,B.longum,analysis_Zur_Newruns_2023_June,m1,32,YCA,Markus,,0.580456103955681,yes,"[0.068, 0.082, 0.101, 0.143, 0.183, 0.247, 0.28, 0.361, 0.443, 0.523, nan, nan, nan]","[0.0, 0.6, 0.9, 1.633333333, 1.95, 2.383333333, 2.6, 3.05, 3.416666667, 3.633333333, nan, nan, nan]",12.0,1.0,,-8.702493114915402,16.910026948564234,[0.158 0.24  0.337 0.418 0.5   0.58 ],[15.43607198 14.66949296 14.32422714 13.3695383  12.47595924 11.75220494],13.353757580281728,8.841745524398211,[0.158 0.24  0.337 0.418 0.5   0.58 ],[10.99602209 11.92823929 13.51467214 14.14221493 15.83296887 16.45529649],1.327498577541353,5.543847148343972,[0.158 0.24  0.337 0.418 0.5   0.58 ],[5.70928674 5.83980218 6.13735305 5.99669121 6.30030102 6.24395301],0.3905400192572141,0.4236537516167795,[0.158 0.24  0.337 0.418 0.5   0.58 ],[0.50214703 0.49476365 0.55664886 0.57923935 0.63781158 0.6433879 ],3.09275449006136,0.5882046987506099,[0.158 0.24  0.337 0.418 0.5   0.58 ],[1.08387913 1.34205035 1.62444116 1.85547374 2.1182546  2.41125   ],,0.7644216445998437,0.6903377164993445,[0.158 0.24  0.337 0.418 0.5   0.58 ],[0.77356885 0.94446813 0.97717644 0.89599152 1.11208116 1.14569374],-1.613034161381594,1.6353996775544255,[0.158 0.24  0.337 0.418 0.5   0.58 ],[1.34795244 1.41103931 0.67357576 1.39942477 0.69189447 0.68660603],,,,,,,,,,,,,,,,
12,7.0,,ATCC8483,B.ovatus,analysis_stan_YCA_230424_2.5mM,r1,8,YCA,Richa,,0.869524745987279,yes,"[nan, 0.053, 0.066, 0.086, 0.111, 0.139, 0.203, 0.256, 0.343, 0.425, nan]","[0.0, 0.216666667, 0.566666667, 0.933333333, 1.266666667, 1.6, 1.95, 2.166666667, 2.433333333, 2.6, nan]",13.0,1.0,,-5.490930306257396,16.870166307422593,[0.066 0.111 0.203 0.343 0.425],[16.45995922 16.21516035 15.7726231  15.32401568 14.2754852 ],8.622944752031696,12.039210810423862,[0.066 0.111 0.203 0.343 0.425],[12.67073071 12.80956104 13.64743484 15.82403267 15.14343537],-0.4332486364490041,9.21716686429884,[0.066 0.111 0.203 0.343 0.425],[9.12783473 9.34877541 9.34888852 8.05163968 9.71132655],1.1005369138141674,1.2415639206522466,[0.066 0.111 0.203 0.343 0.425],[1.22889845 1.3170996  1.50008474 2.07597623 1.34917695],0.9081971044511756,1.5888160995933078,[0.066 0.111 0.203 0.343],[1.60007907 1.64727469 1.93967524 1.82486192],-0.0047207048333282,10.500283227509172,0.7368075556870674,[0.066 0.111 0.203 0.343 0.425],[1.58715181 1.71956118 2.79557661 4.5465924  5.08948092],-0.0609432466040649,2.157571367896363,[0.066 0.111 0.203 0.343 0.425],[2.16233233 2.14185868 2.14341963 2.13729843 2.13298491],0.10064684654797,[0.066 0.111 0.203 0.343 0.425],[0.10510988 0.10005836 0.06830048 0.16334857 0.06099757],,,,,,,,,,,,,
13,6.0,,ATCC8483,B.ovatus,analysis_stan_YCA_230424_2.5mM,r1,7,YCA,Richa,,1.01428908550842,yes,"[nan, 0.042, 0.046, 0.063, 0.093, 0.14, 0.192, 0.25, 0.339, 0.418, nan]","[0.0, 0.216666667, 0.566666667, 0.933333333, 1.266666667, 1.6, 1.95, 2.166666667, 2.433333333, 2.6, nan]",14.0,1.0,,-3.050090178359687,16.375463419069103,[0.046 0.093 0.192 0.418],[16.25921941 15.97724475 15.91498646 15.06588551],7.916465973466635,13.042593161087831,[0.046 0.093 0.192 0.418],[13.23324319 13.84777523 14.74899607 16.26979116],0.9180820265385728,7.9540394778915084,[0.046 0.093 0.192 0.418],[7.95626088 8.01949351 8.22482594 8.30322101],1.610686873253491,1.528343218297221,[0.046 0.093 0.192 0.418],[1.55383892 1.72422046 1.85131448 2.19040348],0.0143820331080237,1.8194683671163432,[0.046 0.093 0.192 0.418],[1.80564513 1.8433913  1.81359297 1.82601622],0.0439126930579325,8.963644025752584,1.3811762317281708,[0.046 0.093 0.192 0.418],[1.79056403 2.21620661 3.10500511 5.12669856],-0.0531887185153792,2.1627528505848455,[0.046 0.093 0.192 0.418],[2.14675868 2.16580201 2.16334176 2.1352706 ],0.1966200617209995,[0.046 0.093 0.192 0.418],[0.1891104  0.19645202 0.22685175 0.20695668],,,,,,,,,,,,,
14,16.0,,ATCC8483,B.ovatus,analysis_stan_YCA_230607_2.5mM,r2,18,YCA,Richa,,1.39990756136744,yes,"[0.059, 0.077, 0.115, 0.15, 0.26, 0.301, 0.42, nan, nan, nan, nan, nan]","[0.0, 0.233333333, 0.483333333, 0.7, 1.016666667, 1.216666667, 1.416666667, nan, nan, nan, nan, nan]",15.0,1.0,,-4.09153227256888,16.879421387979882,[0.077 0.115 0.26  0.301 0.42 ],[16.47364688 16.41047784 15.98775507 15.67388155 15.05197825],9.86789255558146,10.710981005910238,[0.077 0.115 0.26  0.301 0.42 ],[11.42809106 11.72460569 13.48999727 13.82806283 14.65918616],-0.1026278255996347,8.527222119904996,[0.077 0.115 0.26  0.301 0.42 ],[8.5678327  8.44658681 8.53247334 8.48998369 8.47885162],1.860357123665657,0.8944120317707509,[0.077 0.115 0.26  0.301 0.42 ],[0.96675957 1.17423676 1.40482362 1.45395242 1.6544867 ],-0.1539314795071352,1.7325999760864266,[0.077 0.115 0.26  0.301 0.42 ],[1.80778729 1.65581145 1.61979907 1.68468017 1.71436027],-0.1478247845980419,11.404331025247952,0.7586263800961861,[0.077 0.115 0.26  0.301 0.42 ],[1.7011626  1.93356377 3.72718048 4.35109794 5.45740739],-0.115764108907244,2.327002999328065,[0.077 0.115 0.26  0.301 0.42 ],[2.29758033 2.32463319 2.28936936 2.3333554  2.25428541],0.2262968471578682,[0.077 0.115 0.26  0.301 0.42 ],[0.23969834 0.17165076 0.20945703 0.17781881 0.15946082],,,,,,,,,,,,,
15,48.0,,ATCC29148,B.theta,analysis_Zur_Newruns_2023_June,m1,53,YCA,Markus,,0.810351927821134,yes,"[0.186, 0.262, 0.447, nan, nan, nan, nan, nan, nan, nan, nan, nan, nan]","[0.0, 0.433333333, 1.083333333, nan, nan, nan, nan, nan, nan, nan, nan, nan, nan]",16.0,1.0,,-4.353179018606144,16.055510423555834,[0.239 0.315 0.5  ],[15.03348307 14.6583249  13.88647262],3.9652828641228903,8.42810912650431,[0.239 0.315 0.5  ],[ 9.29401867  9.79256777 10.37714908],1.5532543539494716,5.494258481590788,[0.239 0.315 0.5  ],[5.96094181 5.8488639  6.31009982],1.79251998568595,0.2164682823617581,[0.239 0.315 0.5  ],[0.65077055 0.77280241 1.11514795],0.4287416643296596,0.7001958005439959,[0.239 0.315 0.5  ],[0.79613296 0.84446498 0.91188318],,0.0804081198900793,1.334178169169779,[0.239 0.315 0.5  ],[1.30074356 1.43378895 1.35275216],0.3851689693495401,0.5372956895684639,[0.239 0.315 0.5  ],[0.61621333 0.67715879 0.72448305],,,,,,,,,,,,,,,,
16,32.0,,ATCC29148,B.theta,analysis_Zur_Newruns_2023_June,m1,35,YCA,Markus,,0.622555176183137,yes,"[0.09, 0.129, 0.248, 0.313, 0.333, 0.423, nan, nan, nan, nan, nan, nan, nan]","[0.0, 0.716666667, 1.666666667, 2.033333333, 2.25, 2.466666667, nan, nan, nan, nan, nan, nan, nan]",17.0,1.0,,-6.2447287008842975,17.077276371811756,[0.147 0.305 0.39  0.48 ],[16.14705944 15.2346923  14.56645818 14.10536422],4.3012087321736905,9.463598979350852,[0.147 0.305 0.39  0.48 ],[10.04894279 10.81938663 11.22932769 11.44293675],2.205742587855665,5.637038826452703,[0.147 0.305 0.39  0.48 ],[5.89001018 6.37197388 6.64007534 6.56208761],1.8854555699600348,0.2252798434326044,[0.147 0.305 0.39  0.48 ],[0.51809975 0.73517252 1.02939507 1.1110243 ],0.3751242721402303,0.7827376311543202,[0.147 0.305 0.39  0.48 ],[0.83198938 0.9206414  0.90515804 0.969076  ],,2.5049351476565116,0.0971314328243025,[0.147 0.305 0.39  0.48 ],[0.4121602  0.86866324 1.25624892 1.16297765],-2.4980675781943753,1.8554656582580735,[0.147 0.305 0.39  0.48 ],[1.3933452  1.38444704 0.66674271 0.67488234],,,,,,,,,,,,,,,,
17,40.0,,ATCC29148,B.theta,analysis_Zur_Newruns_2023_June,m1,43,YCA,Markus,,0.863519832414482,yes,"[0.025, 0.028, 0.081, 0.101, 0.171, 0.251, 0.341, 0.501, 0.641, nan, nan, nan, nan]","[0.0, 0.5, 1.25, 1.5, 2.166666667, 2.583333333, 3.083333333, 3.55, 3.916666667, nan, nan, nan, nan]",18.0,1.0,,-8.147591397091151,23.40109087786329,[0.16 0.23 0.31 0.4  0.56 0.7 ],[21.70679617 22.27820128 20.70421189 19.75920091 19.12105224 17.60876708],5.247045952167549,8.68958543086144,[0.16 0.23 0.31 0.4  0.56 0.7 ],[ 9.11304851 10.2898867  10.30497342 10.89533972 11.71382079 12.20347189],0.7965432109197631,6.719998005817347,[0.16 0.23 0.31 0.4  0.56 0.7 ],[6.91631893 6.95266895 6.92723428 6.9082535  7.12425845 7.3710959 ],3.318894848247102,0.5188865355389106,[0.16 0.23 0.31 0.4  0.56 0.7 ],[0.85604015 1.00677271 2.04469513 2.0162345  2.30180781 2.72036076],1.3820003558091625,0.7818936029078598,[0.16 0.23],[1.00301366 1.09975368],,0.1909134492250968,1.9945813688733611,[0.4  0.56 0.7 ],[1.94275452 2.37619054 1.98171538],-0.7389673219548674,2.372627656290409,[0.16 0.23 0.31 0.4  0.56 0.7 ],[2.27231069 2.23965475 2.11283621 1.97430209 2.07122301 1.8214763 ],,,,,,,,,,,,,,,,
18,23.0,,ATCC8492,B.uniformis,analysis_stan_YCA_230712_2.5mM,r3,25,YCA,Richa,,1.03021831559875,yes,"[nan, 0.054, 0.093, 0.151, 0.185, 0.355, 0.504, nan]","[0.0, 0.85, 1.516666667, 1.916666667, 2.233333333, 2.7, 3.05, nan]",19.0,1.0,,-6.512069737130478,16.60249061806416,[0.093 0.151 0.185 0.355 0.504],[15.97663364 15.67658636 15.32711756 14.36172558 13.28284413],3.7070917628620066,11.541759329817154,[0.093 0.151 0.185 0.355 0.504],[11.89459684 12.04566326 12.24529759 12.92989965 13.36807349],0.1970354626569455,7.461985467360122,[0.093 0.151 0.185 0.355 0.504],[7.52084534 7.54434247 7.47775726 7.33976719 7.68099676],-1.6950332613338984e-15,1.0469627676497122,[0.093 0.151 0.185 0.355 0.504],[1.04696277 1.04696277 1.04696277 1.04696277 1.04696277],10.527745584572523,2.3261194618370964,[0.093 0.151 0.185 0.355 0.504],[3.35671715 3.69633351 4.24597833 6.50079235 7.39051228],-0.0225626580130588,4.846544038312292,0.8070642058275153,[0.093 0.151 0.185 0.355 0.504],[1.30645495 1.45606296 1.68073913 2.6386956  3.19571711],-0.1415996367962261,2.247706668817002,[0.093 0.151 0.185 0.355 0.504],[2.23481752 2.22618227 2.22036107 2.19946732 2.17532484],0.0908281848580359,[0.093 0.151 0.185 0.504],[0.08972073 0.10496269 0.06596637 0.081612  ],,,,,,,,,,,,,
19,22.0,,ATCC8492,B.uniformis,analysis_stan_YCA_230712_2.5mM,r3,24,YCA,Richa,,1.00803570393764,yes,"[nan, 0.055, 0.084, 0.131, 0.17, 0.326, 0.48, nan]","[0.0, 0.85, 1.516666667, 1.916666667, 2.233333333, 2.7, 3.05, nan]",20.0,1.0,,-6.538634064999503,16.39320946697102,[0.084 0.131 0.17  0.326 0.48 ],[15.82599173 15.5920249  15.23952266 14.26711864 13.25387623],3.3116653477462066,11.618184676542777,[0.084 0.131 0.17  0.326 0.48 ],[11.92156002 12.01340607 12.23803766 12.60601291 13.25610015],0.4716675835158691,7.505810834529616,[0.084 0.131 0.17  0.326 0.48 ],[7.57930936 7.5338222  7.560292   7.70074368 7.71664302],9.842609562583757e-16,0.9727443324239636,[0.084 0.131 0.17  0.326 0.48 ],[0.97274433 0.97274433 0.97274433 0.97274433 0.97274433],10.689658966133347,2.468599211601829,[0.084 0.131 0.17  0.326 0.48 ],[3.37571852 3.71109345 4.23143925 6.39703979 7.35908887],0.0282018045882796,4.6371514710880435,0.8772679112118803,[0.084 0.131 0.17  0.326 0.48 ],[1.35232496 1.44397245 1.64409602 2.30466    3.16413353],-0.1481902417209672,2.4727815994287465,[0.084 0.131 0.17  0.326 0.48 ],[2.45454916 2.45657536 2.45019342 2.42683667 2.39925881],0.1009229767489689,[0.084 0.131 0.17  0.326 0.48 ],[0.09734045 0.10523246 0.10682568 0.12179554 0.1070091 ],,,,,,,,,,,,,
20,21.0,,ATCC8492,B.uniformis,analysis_stan_YCA_230712_2.5mM,r3,23,YCA,Richa,,1.10080705418247,yes,"[nan, 0.04, 0.084, 0.126, 0.168, 0.304, 0.461, nan]","[0.0, 0.85, 1.516666667, 1.916666667, 2.233333333, 2.7, 3.05, nan]",21.0,1.0,,-6.901399239348091,16.565729009542498,[0.084 0.126 0.168 0.304 0.461],[15.95411289 15.7245237  15.4400519  14.42076352 13.40089371],3.811389310672139,11.533009047256504,[0.084 0.126 0.168 0.304 0.461],[11.89417837 11.99197886 12.1502665  12.68159173 13.30344776],0.2086141465167986,7.740445131326744,[0.084 0.126 0.168 0.304 0.461],[7.81668505 7.7818844  7.69971573 7.77195256 7.87043389],-6.957340485900999e-16,1.006960047968871,[0.084 0.126 0.168 0.304 0.461],[1.00696005 1.00696005 1.00696005 1.00696005 1.00696005],11.31858643992786,2.380885276302862,[0.084 0.126 0.168 0.304 0.461],[3.33314523 3.68201801 4.1296382  6.3699811  7.32678813],-0.05470581540687,4.812116039974533,0.8700549344543278,[0.084 0.126 0.168 0.304 0.461],[1.32745696 1.48892679 1.62406031 2.28003945 3.13003978],-0.1536884726091305,2.2851815348175046,[0.084 0.126 0.168 0.304 0.461],[2.27130898 2.26570022 2.25981589 2.24017342 2.21324324],0.2063431980777954,[0.084 0.126 0.168 0.304 0.461],[0.22974033 0.19111253 0.17421652 0.18309021 0.19102767],,,,,,,,,,,,,
21,17.0,,DSM 1447,B.vulgatus,analysis_stan_YCA_230607_2.5mM,r2,19,YCA,Richa,,1.04932029997794,yes,"[0.087, 0.113, 0.15, 0.186, 0.265, 0.315, 0.39, nan, nan, nan, nan, nan]","[0.0, 0.233333333, 0.483333333, 0.7, 1.05, 1.216666667, 1.416666667, nan, nan, nan, nan, nan]",22.0,1.0,,-4.797446685411619,16.928173744634744,[0.113 0.186 0.265 0.315 0.39 ],[16.34495619 16.04469812 15.74765071 15.39339207 15.02221179],2.9334731634412257,11.05084646584775,[0.113 0.186 0.265 0.315 0.39 ],[11.39016829 11.61514398 11.80913414 11.92695518 12.23540818],1.1445732464028404,8.582483467092374,[0.113 0.186 0.265 0.315 0.39 ],[8.69835139 8.80882104 8.90684062 8.9211179  9.02974983],3.558536311372034,0.5177042393729744,[0.113 0.186 0.265 0.315 0.39 ],[0.94296954 1.16226793 1.44052645 1.63391124 1.92462861],0.147687134397088,2.754530765846384,[0.113 0.186 0.265 0.315 0.39 ],[2.78078217 2.78333639 2.77906751 2.78643423 2.8304485 ],-0.1988875625357899,3.607208610878077,1.1019904332489163,[0.113 0.186 0.265 0.315 0.39 ],[1.54658565 1.76000973 2.00784205 2.22025689 2.55280557],-0.0713252613186651,2.3019027430060888,[0.113 0.186 0.265 0.315 0.39 ],[2.28810114 2.2920635  2.29317352 2.27436641 2.27129739],0.221646796425128,[0.113 0.186 0.265 0.315 0.39 ],[0.19261713 0.19422998 0.17311056 0.15021266 0.14567534],,,,,,,,,,,,,
22,9.0,,DSM 1447,B.vulgatus,analysis_stan_YCA_230424_2.5mM,r1,11,YCA,Richa,,0.629659403524175,yes,"[0.08, 0.103, 0.156, 0.217, 0.239, 0.27, 0.288, 0.32, 0.347, nan, nan]","[0.0, 0.233333333, 0.6, 0.95, 1.316666667, 1.616666667, 1.816666667, 2.05, 2.183333333, nan, nan]",23.0,1.0,,-5.380829098680023,17.0203342432258,[0.103 0.217 0.27  0.32  0.347],[16.40653509 15.95298728 15.61341305 15.22303961 15.14199402],6.8488203535398995,11.257109275290553,[0.103 0.217 0.27  0.32  0.347],[12.10102242 12.3672748  13.28358036 13.50214477 13.64049121],-0.7574139650406174,8.811038867980091,[0.103 0.217 0.27  0.32  0.347],[8.70647716 8.70826276 8.600738   8.52861103 8.55903603],2.935583149074488,1.2571038499346618,[0.103 0.217 0.27  0.32  0.347],[1.59784097 1.83227972 2.02846148 2.20809759 2.30886752],0.2033564653314901,2.0156672780952696,[0.103 0.217 0.27  0.32  0.347],[2.0347934  2.05203629 2.08761885 2.08593413 2.0735728 ],-0.1597888085196324,2.083962048484405,1.0525990200569235,[0.103 0.217 0.27  0.32  0.347],[1.31902354 1.38781965 1.62768912 1.77946954 1.76853354],-0.0972170823398541,2.212023334875575,[0.103 0.217 0.27  0.32  0.347],[2.2084469  2.17996308 2.18542713 2.17652476 2.18755294],0.0990722236336232,[0.103 0.217 0.27  0.32  0.347],[0.08089162 0.06009203 0.07038406 0.04301447 0.0401244 ],,,,,,,,,,,,,
23,8.0,,DSM 1447,B.vulgatus,analysis_stan_YCA_230424_2.5mM,r1,10,YCA,Richa,,2.61391187433511,yes,"[nan, 0.025, 0.093, 0.181, 0.289, 0.46, nan, nan, nan, nan, nan]","[0.0, 0.35, 0.716666667, 1.016666667, 1.216666667, 1.45, nan, nan, nan, nan, nan]",24.0,1.0,,-3.6613725816878846,16.874698666853934,[0.093 0.181 0.289 0.46 ],[16.43424973 16.27369895 15.93037322 15.11488862],15.929649724121722,14.153176144439447,[0.093 0.181 0.289 0.46 ],[15.7511846  17.08906043 18.42085332 21.6476379 ],4.848997039252005,8.8496138369835,[0.093 0.181 0.289 0.46 ],[ 9.35095004  9.68248975 10.21593219 11.10960734],-0.23719532151029,0.6981191098373963,[0.093 0.181 0.289 0.46 ],[0.69671643 0.66039981 0.57673123 0.61597815],-0.5968638524210308,1.272233185141478,[0.093 0.181 0.289 0.46 ],[1.18053041 1.16163241 1.18161057 0.95456763],0.3729563474571004,14.945305367059744,1.0606061637362116,[0.093 0.181 0.289 0.46 ],[2.49252711 3.85890448 5.13758289 8.04245756],-0.0414952183564658,2.1787924857387493,[0.093 0.181 0.289 0.46 ],[2.1657303  2.18242605 2.16836947 2.15619451],0.5366212597586204,[0.093 0.181 0.289 0.46 ],[0.57817053 0.62313444 0.59866025 0.72805417],,,,,,,,,,,,,
24,44.0,,DSM3979,C.aerofaciens,analysis_Zur_Newruns_2023_June,m1,49,YCA,Markus,,0.506644319620668,yes,"[0.025, 0.029, 0.046, 0.18, 0.282, 0.33, 0.43, 0.512, 0.595, nan, nan, nan, nan]","[0.0, 1.0, 1.9, 4.2, 5.033333333, 5.283333333, 6.116666667, 6.416666667, 6.666666667, nan, nan, nan, nan]",25.0,1.0,,-6.8814692891004965,15.07187197663866,[0.24  0.342 0.49  0.572 0.655],[13.60507019 12.52168011 11.63993608 11.07310916 10.69906644],3.757091455796791,9.06914488921491,[0.24  0.342 0.49  0.572 0.655],[10.1249937  10.22795837 10.73780969 11.26558911 11.62692683],1.845295396010582,5.012943976780521,[0.24  0.342 0.49  0.572 0.655],[5.58308384 5.54251357 5.77495905 6.09760032 6.30889722],0.3451188504853565,0.2106850069133454,[0.24  0.342 0.49  0.572 0.655],[0.29191276 0.3340299  0.3842934  0.38711026 0.44950695],2.5602092738408455,0.628011582269854,[0.24  0.342 0.49  0.572 0.655],[1.31668182 1.42684447 1.83902438 2.09727025 2.34615812],0.7420897255456307,4.91586053082754,-0.4312663582007094,[0.24  0.342 0.49  0.572 0.655],[0.85027965 1.13732673 2.00172132 2.24850999 2.90739388],-0.0587618244940394,1.763185891149628,[0.24  0.342 0.49  0.572 0.655],[1.7793023  1.70372067 1.7324236  1.73085476 1.73453469],0.3782037137957554,[0.24  0.342 0.49  0.572 0.655],[0.50663009 0.700995   0.73463727 0.80515703 0.84966346],,,,,,,,,,,,,
25,45.0,,DSM3979,C.aerofaciens,analysis_Zur_Newruns_2023_June,m1,50,YCA,Markus,,0.63138008763919,yes,"[0.049, 0.153, 0.209, 0.237, 0.277, 0.286, 0.307, 0.345, 0.39, 0.426, 0.448, 0.49, nan]","[0.0, 1.083333333, 1.566666667, 1.783333333, 2.0, 2.166666667, 2.416666667, 2.616666667, 2.783333333, 3.05, 3.133333333, 3.416666667, nan]",26.0,1.0,,-5.6658616337771575,15.63766907887995,[0.213 0.337 0.405 0.508 0.55 ],[14.41042658 13.72482601 13.36421409 12.86743797 12.41606127],3.468351640332916,8.827107327013099,[0.213 0.337 0.405 0.508 0.55 ],[ 9.69616179  9.84899779 10.11226307 10.70143096 10.75847487],1.1606207738693932,5.473073823949404,[0.213 0.337 0.405 0.508 0.55 ],[5.8485445  5.69835337 5.82286791 6.28981656 6.04211639],-0.0297974921620989,0.5667304564155821,[0.213 0.337 0.405 0.508 0.55 ],[0.60482233 0.50556237 0.51219788 0.60091285 0.5501745 ],2.181757278007395,0.1227120100755929,[0.213 0.337 0.405 0.508 0.55 ],[0.62095642 0.84035707 0.97254453 1.16791741 1.40366201],0.8063511508304066,4.2871692116643,-0.8671738228136908,[0.337 0.405 0.508 0.55 ],[0.58906709 0.85753595 1.29259081 1.50901543],0.0971268386522981,1.7660597990884466,[0.213 0.337 0.405 0.508 0.55 ],[1.77760475 1.76567622 1.86333148 1.85668968 1.76251319],0.3603382905761316,[0.213 0.337 0.405 0.508 0.55 ],[0.50386654 0.63745882 0.74021703 0.78511336 0.75822057],,,,,,,,,,,,,
26,47.0,,DSM3979,C.aerofaciens,analysis_Zur_Newruns_2023_June,m1,52,YCA,Markus,,0.562099168802599,yes,"[0.025, 0.063, 0.091, 0.137, 0.164, 0.188, 0.257, 0.383, nan, nan, nan, nan, nan]","[0.0, 1.116666667, 1.716666667, 2.316666667, 2.816666667, 3.333333333, 3.75, 4.7, nan, nan, nan, nan, nan]",27.0,1.0,,-6.748448226189755,15.93360516841588,[0.19  0.217 0.31  0.436],[14.82806189 14.3195176  13.75682311 13.04905726],4.768843508409044,8.108640649955996,[0.19  0.217 0.31  0.436],[ 9.02754418  9.15160487  9.54782391 10.20606621],1.1874029130520145,5.430842770747817,[0.19  0.217 0.31  0.436],[5.65617007 5.67418066 5.82438725 5.93770866],0.4781903939553188,0.3605908421975076,[0.19  0.217 0.31  0.436],[0.45219112 0.48770583 0.46679663 0.58702332],2.1999272417223095,0.5663144095165796,[0.19  0.217 0.31  0.436],[0.93712759 1.05927465 1.31331889 1.49205262],,6.546169174010683,-0.3493013050505277,[0.19  0.217 0.31  0.436],[0.96900368 1.24096708 1.23945353 2.70110354],1.824788609623216,0.4981852361432002,[0.19  0.217 0.31  0.436],[0.63189815 1.34839321 0.69022784 1.42620301],,,,,,,,,,,,,,,,
27,31.0,,DSM3979,C.aerofaciens,analysis_Zur_Newruns_2023_June,m1,34,YCA,Markus,,0.317503083208384,yes,"[0.037, 0.061, 0.081, 0.093, 0.113, 0.136, 0.147, 0.226, 0.302, nan, nan, nan, nan]","[0.0, 0.816666667, 1.466666667, 2.133333333, 2.516666667, 3.333333333, 4.15, 5.216666667, 5.966666667, nan, nan, nan, nan]",28.0,1.0,,-6.104145807351214,16.261100172039335,[0.138 0.283 0.359],[15.4745541  14.37129064 14.17622205],5.767088814120974,9.088056518097812,[0.138 0.283 0.359],[ 9.90235851 10.6665102  11.19363012],2.8318614522949246,4.981978344999778,[0.138 0.283 0.359],[5.36947834 5.79298213 5.99232649],0.265536151462608,0.4322573823524497,[0.138 0.283 0.359],[0.46904261 0.50699339 0.52785434],1.2598763219219582,0.672918395742997,[0.138 0.283 0.359],[0.8532868  1.01054617 1.13762575],,4.739382100126566,0.3585160737534145,[0.138 0.283 0.359],[1.04521642 1.60477302 2.12227681],-3.422082900405393,1.783292121132264,[0.138 0.283 0.359],[1.36352794 0.66222686 0.6548969 ],,,,,,,,,,,,,,,,
28,1.0,,NCM3722,E.coli,analysis_stan_YCA_230424_2.5mM,r1,2,YCA,Richa,,1.49017132538308,yes,"[0.076, 0.11, 0.136, 0.148, 0.187, 0.235, 0.352, 0.397, nan, nan, nan]","[0.0, 0.166666667, 0.3, 0.433333333, 0.6, 0.75, 0.983333333, 1.05, nan, nan, nan]",29.0,1.0,,-3.862911633250826,17.964709462712435,[0.076 0.136 0.187 0.352 0.397],[17.59461295 17.50966277 17.2777583  16.57771724 16.4291735 ],9.249960485634295,11.578890555673048,[0.076 0.136 0.187 0.352 0.397],[12.08930511 12.99332846 13.4073951  14.8403714  15.18300735],0.0246136541180272,7.551353754447773,[0.076 0.136 0.187 0.352 0.397],[7.5391118  7.58617349 7.539113   7.55675138 7.56387558],1.290705962873493,-0.1510117204934298,[0.076 0.136 0.187 0.352 0.397],[-0.02872137  0.00203131  0.0814719   0.30260543  0.36928457],0.9360483532131212,30.70668564915951,[0.076 0.136 0.187 0.352 0.397],[30.77285159 30.84005344 30.89018161 30.99701947 31.10790565],-0.2152992849799897,10.179290081971253,2.110090799441719,[0.076 0.136 0.187 0.352 0.397],[2.75660032 3.56460766 4.12362393 5.67983087 6.11161623],-0.1200690617893134,2.0856293888679556,[0.076 0.136 0.187 0.352 0.397],[2.07285238 2.07128925 2.06700917 2.03999065 2.0391662 ],0.2593670167003306,[0.076 0.136 0.187 0.352 0.397],[0.23196782 0.25821895 0.2004779  0.18607046 0.17293638],,,,,,,,,,,,,
29,20.0,,NCM3722,E.coli,analysis_stan_YCA_230712_2.5mM,r3,22,YCA,Richa,,1.67476595024168,yes,"[0.065, 0.085, 0.136, 0.156, 0.178, 0.252, 0.3, 0.402]","[0.0, 0.116666667, 0.25, 0.466666667, 0.566666667, 0.75, 0.85, 1.033333333]",30.0,1.0,,-3.8315647906275423,17.04514075092143,[0.065 0.136 0.178 0.3   0.402],[16.65670618 16.66501916 16.40873326 15.88838509 15.46493852],10.54358720695487,11.518074482018706,[0.065 0.136 0.178 0.3   0.402],[12.11773619 12.92047094 13.53568793 14.73710292 15.6769922 ],0.1110915667299581,7.456619566636015,[0.065 0.136 0.178 0.3   0.402],[7.44772972 7.51782728 7.47234083 7.43185701 7.53343298],2.064930441329576,0.7535528310184975,[0.065 0.136 0.178 0.3   0.402],[0.9209609  0.9717775  1.1366643  1.39249158 1.57805968],0.169983600440969,1.2351813585207376,[0.065 0.136 0.178 0.3   0.402],[1.26567854 1.25725604 1.23462233 1.29231574 1.30978641],0.1679413461866798,11.217506951556862,1.1890961851657322,[0.065 0.136 0.178 0.3   0.402],[1.87200132 2.6172812  3.3457417  4.60987395 5.62670777],-0.121272452598768,2.205304627153297,[0.065 0.136 0.178 0.3   0.402],[2.19460627 2.19284246 2.18437285 2.16627583 2.1573302 ],0.0802136693214721,[0.065 0.136 0.178 0.3   0.402],[0.1131315  0.10822758 0.08634045 0.09660539 0.17830802],,,,,,,,,,,,,
30,0.0,,NCM3722,E.coli,analysis_stan_YCA_230424_2.5mM,r1,1,YCA,Richa,,1.69281160988022,yes,"[0.047, 0.056, 0.082, 0.105, 0.14, 0.162, 0.185, 0.241, 0.292, 0.395, nan]","[0.0, 0.133333333, 0.3, 0.45, 0.683333333, 0.75, 0.816666667, 0.95, 1.066666667, 1.266666667, nan]",31.0,1.0,,-3.7499145034934074,18.020481442312004,[0.056 0.105 0.185 0.292 0.395],[17.77522325 17.63455461 17.35596916 16.95998635 16.50301215],7.749386358703877,12.193209289600324,[0.056 0.105 0.185 0.292 0.395],[12.22328982 13.79861262 13.17057518 14.486474   15.29221093],-1.8607867905009985,8.26624871435114,[0.056 0.105 0.185 0.292 0.395],[7.96940951 8.73439482 7.29353289 7.77007124 7.64164236],1.5236288919429828,-0.0374068575167903,[0.056 0.105 0.185 0.292 0.395],[0.08895937 0.10121929 0.21482161 0.39297181 0.58890228],0.1080617930714935,10.977215213653738,[0.056 0.105 0.185 0.292 0.395],[11.00717158 10.98307581 10.96938596 11.00225945 11.0358111 ],-0.622726038689477,8.955146481921291,1.5472818513421958,[0.056 0.105 0.185 0.292 0.395],[1.85316102 2.89355171 2.98266429 4.11417049 5.14352807],-0.0843195346300902,2.0862948184599803,[0.056 0.105 0.185 0.292 0.395],[2.08098234 2.07533814 2.07359319 2.06363121 2.05082713],0.4422848614275193,[0.056 0.185 0.292 0.395],[0.52510433 0.09487969 0.34651243 0.22475323],,,,,,,,,,,,,
31,36.0,,ATCC33656,E.rectale,analysis_Zur_Newruns_2023_June,m1,39,YCA,Markus,,0.800462709442903,yes,"[0.032, 0.075, 0.093, 0.153, 0.231, 0.297, 0.465, nan, nan, nan, nan, nan, nan]","[0.0, 0.633333333, 1.033333333, 1.716666667, 2.216666667, 2.666666667, 3.133333333, nan, nan, nan, nan, nan, nan]",32.0,1.0,,-6.70264442446676,15.319195569009954,[0.14  0.2   0.278 0.344 0.512],[14.39486962 13.87007501 13.62716247 12.94545883 11.87871403],2.318076620669797,8.93373814506309,[0.14  0.2   0.278 0.344 0.512],[ 9.22808547  9.2720242   9.68063298  9.8880201  10.01677291],0.7238540428780739,5.919266190041442,[0.14  0.2   0.278 0.344 0.512],[5.91649597 6.01241131 6.30283955 6.24070079 6.19084418],0.1714948414422666,0.2880730300288286,[0.14  0.2   0.278 0.344 0.512],[0.34423797 0.29189245 0.30423731 0.37636102 0.37641979],-0.1330250655890419,1.0051794910558638,[0.14  0.2   0.278 0.344 0.512],[0.95582442 0.99518146 0.98685327 0.97064238 0.92131697],3.4995658019418157,1.243252283022206,0.422463402200326,[0.14  0.2   0.278 0.344 0.512],[0.53855914 0.72650755 0.68957348 0.98496612 1.00526458],0.182227903378834,1.1118967464340572,[0.14  0.2   0.278 0.344 0.512],[1.11821643 1.19136625 1.21550655 1.06342623 1.2395722 ],0.0872661987367995,[0.14  0.2   0.278 0.344 0.512],[0.54789299 0.77378133 1.07482535 1.36045801 1.8377333 ],,,,,,,,,,,,,
32,27.0,,ATCC33656,E.rectale,analysis_Zur_Newruns_2023_June,m1,30,YCA,Markus,,0.733850934650886,yes,"[0.069, 0.108, 0.218, 0.312, 0.423, 0.5, 0.543, nan, nan, nan, nan, nan, nan]","[0.0, 0.683333333, 1.666666667, 2.25, 2.466666667, 2.683333333, 2.833333333, nan, nan, nan, nan, nan, nan]",33.0,1.0,,-6.751336995589373,16.15797885237873,[0.165 0.275 0.369 0.48  0.6  ],[15.28749588 14.05891814 13.6546702  12.71453671 12.32099775],2.3258684889883767,9.50627726604259,[0.165 0.275 0.369 0.48  0.6  ],[ 9.98451245  9.98295728 10.48238796 10.49464024 10.98045398],0.8253741619479603,5.2510405671930656,[0.165 0.275 0.369 0.48  0.6  ],[5.41804841 5.38626299 5.71222123 5.48250918 5.81529282],-0.0393501275755084,0.5063629767460486,[0.165 0.275 0.369 0.48  0.6  ],[0.51538539 0.48573522 0.47101879 0.49787775 0.48746534],0.1418487988512456,0.8022064930292223,[0.165 0.275 0.369 0.48  0.6  ],[0.82546217 0.81830474 0.88917889 0.86622064 0.87981839],3.87003428168,,,,,-0.0206403944789503,1.419026901760026,[0.165 0.275 0.369],[1.36315773 1.52720777 1.35001713],-0.0136139889568876,[0.165 0.275 0.369 0.48  0.6  ],[0.6188676  1.00671849 1.51794081 1.78572889 2.31316902],,,,,,,,,,,,,
33,33.0,,ATCC33656,E.rectale,analysis_Zur_Newruns_2023_June,m1,36,YCA,Markus,,0.797631112082317,yes,"[0.029, 0.067, 0.114, 0.193, 0.299, 0.439, 0.617, nan, nan, nan, nan, nan, nan]","[0.0, 1.133333333, 1.716666667, 2.466666667, 2.883333333, 3.416666667, 3.883333333, nan, nan, nan, nan, nan, nan]",34.0,1.0,,-6.263845244583114,17.321052871142424,[0.167 0.246 0.352 0.492 0.67 ],[16.33048799 15.61405142 15.09495221 14.51598033 12.97936262],3.9619999638649426,8.890087979913222,[0.167 0.246 0.352 0.492 0.67 ],[ 9.61153064  9.87631996 10.15493559 10.87470249 11.56772515],0.6396758766949953,6.374674969509459,[0.167 0.246 0.352 0.492 0.67 ],[6.53390517 6.41711983 6.62036193 6.77837899 6.75626435],-0.0128895942365232,0.4568624478557049,[0.167 0.246 0.352 0.492 0.67 ],[0.45299392 0.46452005 0.45028047 0.43322936 0.45845019],0.0677493281356071,0.8153248534146093,[0.167 0.246 0.352 0.492 0.67 ],[0.84073034 0.81172458 0.84089658 0.85403321 0.85979251],4.291686253762957,1.8008685995225824,0.410432130803694,[0.167 0.246 0.352 0.492],[0.65669851 0.88508608 1.11520975 1.24842601],-0.7609702794304656,1.6436549146610595,[0.167 0.246 0.352 0.492 0.67 ],[1.66538924 1.45709689 1.46272365 0.69189743 1.47477764],-0.0410045426111954,[0.167 0.246 0.352 0.492 0.67 ],[0.67099196 1.09209558 1.41740754 1.99295697 2.89160464],,,,,,,,,,,,,
34,43.0,,DSM17677,F.prausnitzii,analysis_Zur_Newruns_2023_June,m1,48,YCA,Markus,,0.376043534571419,yes,"[0.05, 0.071, 0.078, 0.09, 0.105, 0.107, 0.154, 0.176, 0.214, 0.255, 0.3, 0.361, 0.45]","[0.0, 1.083333333, 1.566666667, 1.783333333, 2.0, 2.416666667, 2.783333333, 3.4, 3.916666667, 4.383333333, 4.916666667, 5.333333333, 6.1]",35.0,1.0,,-0.1253105736338669,0.7677313510958659,[0.131 0.214 0.274 0.315 0.36  0.421 0.51 ],"[0.76005516 0.75915373 0.7346043  0.65519629 0.72872112 0.76369283
 0.69388   ]",-0.2704900136843177,9.977500251810444,[0.131 0.214 0.274 0.315 0.36  0.421 0.51 ],"[ 9.98382579  9.94632981  9.71878695  9.87264892  9.84087943 10.19563283
  9.68255775]",0.7751309912873424,6.233509976104741,[0.131 0.214 0.274 0.315 0.36  0.421 0.51 ],"[6.36282017 6.38249823 6.48421979 6.37076101 6.36699724 6.87571984
 6.51621999]",0.1003147316935518,0.284140682567514,[0.131 0.214 0.274 0.315 0.36  0.421 0.51 ],"[0.28241199 0.28306174 0.29759729 0.40176797 0.31960334 0.31449121
 0.31325152]",-0.6316220076235568,0.8656599188805235,[0.131 0.214 0.274 0.315 0.36  0.421 0.51 ],"[0.83825504 0.7351556  0.66428957 0.60640873 0.60716834 0.60817187
 0.59481132]",4.303418860398001,6.764377977059404,0.3167247174973348,[0.131 0.214 0.274 0.315 0.36  0.421 0.51 ],"[1.35359699 1.73109164 1.97694098 2.30589707 2.87354084 3.25068697
 3.77605954]",-2.958028962609195,10.830525564813092,[0.131 0.214 0.274 0.315 0.36  0.421 0.51 ],"[10.39299443 10.27147764  9.98909334  9.87596559  9.62843045  9.91540784
  9.15869523]",-0.1185156395096243,[0.131 0.214 0.274 0.315 0.36  0.421 0.51 ],"[0.50685143 0.75620013 1.0110308  1.2446536  1.40391294 1.74456493
 2.07828365]",,,,,,,,,,,,,
35,37.0,,DSM17677,F.prausnitzii,analysis_Zur_Newruns_2023_June,m1,40,YCA,Markus,,0.358697721186065,yes,"[0.118, 0.152, 0.175, 0.209, 0.239, 0.253, 0.327, nan, nan, nan, nan, nan, nan]","[2.8, 3.566666667, 3.983333333, 4.433333333, 4.683333333, 5.116666667, 5.6, nan, nan, nan, nan, nan, nan]",36.0,1.0,,,,,,-0.3366710985415689,9.293895452304604,[0.165 0.222 0.286 0.3   0.374],[9.27777164 9.24404537 9.12085527 9.1216854  9.25162361],0.8578964109015292,5.93017819194126,[0.165 0.222 0.286 0.3   0.374],[6.11313394 6.08215507 6.08933962 6.25214859 6.26970021],-0.1298488795144937,0.4366011027622835,[0.165 0.222 0.286 0.3   0.374],[0.42139685 0.34778436 0.42605504 0.47167875 0.34118407],-0.4690142107794644,0.783609779848197,[0.165 0.222 0.286 0.3   0.374],[0.74040615 0.66904567 0.63867765 0.58064621 0.65751108],3.8818854189716063,5.158179704202754,0.8401616763195087,[0.165 0.222 0.286 0.3   0.374],[1.66952518 2.06779487 2.17770022 2.44326288 2.79059329],-2.1568325413199663,9.890850801798308,[0.165 0.222 0.286 0.3   0.374],[9.56133782 9.43862598 9.19301362 9.21102223 9.14500092],0.2491157202021785,[0.165 0.222 0.286 0.3   0.374],[0.86346082 1.14924065 1.31907013 1.4566996  1.68600707],,,,,,,,,,,,,
36,49.0,,DSM17677,F.prausnitzii,analysis_Zur_Newruns_2023_June,m1,54,YCA,Markus,,0.43302144402789,yes,"[0.045, 0.078, 0.177, 0.29, 0.407, 0.477, nan, nan, nan, nan, nan, nan, nan]","[4.0, 5.833333333, 7.0, 8.5, 9.216666667, 9.6, nan, nan, nan, nan, nan, nan, nan]",37.0,1.0,,-0.8361467384642213,0.9793934088599544,[0.23  0.343 0.46  0.53 ],[0.84486724 0.59571553 0.60591164 0.56418187],0.1500131123636949,9.864010763842064,[0.23  0.343 0.46  0.53 ],[ 9.90390541  9.86528688 10.04395777  9.87736349],0.4543139470448959,6.185472937409101,[0.23  0.343 0.46  0.53 ],[6.28775382 6.33101487 6.43141745 6.4017983 ],0.0736748401240264,0.4086449121724799,[0.23  0.343 0.46  0.53 ],[0.4424302  0.41427916 0.42282034 0.47020372],-0.339756975792853,0.7020110936559953,[0.23  0.343 0.46  0.53 ],[0.61750575 0.5966249  0.54319768 0.51967588],4.915656301051817,6.845953563247753,0.2810895919108536,[0.23  0.343 0.46  0.53 ],[1.80920323 2.67212619 3.51478778 3.82846659],-2.8976849882568585,10.87774494484258,[0.23  0.343 0.46  0.53 ],[10.22241215  9.78587852  9.75878389  9.21482359],-0.1291869989380531,[0.23  0.343 0.46  0.53 ],[0.92169816 1.71113263 2.06158742 2.47200459],,,,,,,,,,,,,
37,26.0,,DSM18205,P.copri,analysis_stan_YCA_230712_2.5mM,r3,29,YCA,Richa,,0.816743534135888,yes,"[0.031, 0.056, 0.075, 0.108, 0.144, 0.173, 0.269, 0.406]","[0.0, 1.05, 1.416666667, 1.833333333, 2.1, 2.3, 2.766666667, 3.25]",38.0,1.0,,-7.87564608840339,18.44736817653064,[0.056 0.108 0.173 0.269 0.406],[17.94974038 17.57808664 17.13474604 16.4292917  15.17482228],4.638482857753986,11.396904023261904,[0.056 0.108 0.173 0.269 0.406],[11.67672488 11.88674632 12.21060174 12.59845102 13.30614081],-0.080331616896586,7.6414632430554175,[0.056 0.108 0.173 0.269 0.406],[7.63609783 7.62158026 7.65092816 7.60671329 7.61070108],-5.664200790902101e-16,0.9066651147839068,[0.056 0.108 0.173 0.269 0.406],[0.90666511 0.90666511 0.90666511 0.90666511 0.90666511],11.015734357892262,1.5562483212254723,[0.056 0.108 0.173 0.269 0.406],[2.3039339  2.69982098 3.40903187 4.37567686 6.14070116],-0.1193047134405762,8.687046271969862,0.8933128375929249,[0.056 0.108 0.173 0.269 0.406],[1.42162175 1.8574092  2.3645074  3.1207778  4.49353886],-0.5392910741416806,2.2572467721766873,[0.056 0.108 0.173 0.269 0.406],[2.24694574 2.18027348 2.15810084 2.11202764 2.0431236 ],0.1324220573382706,[0.056 0.108 0.173 0.269 0.406],[0.12611913 0.12243005 0.10977057 0.09649194 0.08656223],,,,,,,,,,,,,
38,25.0,,DSM18205,P.copri,analysis_stan_YCA_230712_2.5mM,r3,27,YCA,Richa,,0.76156568771788,yes,"[0.037, 0.055, 0.072, 0.11, 0.147, 0.162, 0.26, 0.391]","[0.0, 1.05, 1.416666667, 1.833333333, 2.1, 2.3, 2.766666667, 3.25]",39.0,1.0,,-8.081777470376906,18.470608233525404,[0.055 0.11  0.162 0.26  0.391],[17.94900471 17.60216326 17.19016514 16.4726783  15.23505139],5.218460732195959,11.306978116194983,[0.055 0.11  0.162 0.26  0.391],[11.60550306 11.85987594 12.17105401 12.64692433 13.35518783],0.2583829023152223,7.570836284505255,[0.055 0.11  0.162 0.26  0.391],[7.58047654 7.60949322 7.60149804 7.64735746 7.66805463],-7.868119828523094e-16,0.9378074177885598,[0.055 0.11  0.162 0.26  0.391],[0.93780742 0.93780742 0.93780742 0.93780742 0.93780742],11.400069205992908,1.5173190300395718,[0.055 0.11  0.162 0.26  0.391],[2.27478591 2.67876608 3.37582694 4.3248132  6.0816707 ],0.0394732874809394,9.071963166305862,0.8734263649423412,[0.055 0.11  0.162 0.26  0.391],[1.4228095  1.83832343 2.36421855 3.13668436 4.47747596],-0.5620380582967661,2.256737516120283,[0.055 0.11  0.162 0.26  0.391],[2.23311404 2.19234526 2.15873746 2.10957081 2.04024679],0.1022344237822566,[0.055 0.11  0.162 0.26  0.391],[0.11271518 0.10714561 0.09529345 0.11327513 0.12134763],,,,,,,,,,,,,
39,24.0,,DSM18205,P.copri,analysis_stan_YCA_230712_2.5mM,r3,26,YCA,Richa,,0.808562174464363,yes,"[0.034, 0.057, 0.081, 0.117, 0.155, 0.189, 0.29, 0.414]","[0.0, 1.05, 1.416666667, 1.833333333, 2.1, 2.3, 2.766666667, 3.25]",40.0,1.0,,-9.142640653589874,18.632790308852787,[0.057 0.117 0.189 0.29  0.414],[17.86418068 17.5771094  17.10395163 16.29906616 14.5644461 ],4.8262562968665135,11.331268158678782,[0.057 0.117 0.189 0.29  0.414],[11.53058411 11.93679825 12.27977111 12.78525524 13.27354755],0.2100095894405608,7.593796421270642,[0.057 0.117 0.189 0.29  0.414],[7.58821399 7.62546668 7.65393539 7.65112951 7.67431676],6.902467317795733e-16,0.8945193788437248,[0.057 0.117 0.189 0.29  0.414],[0.89451938 0.89451938 0.89451938 0.89451938 0.89451938],13.747990368351651,1.222552856811001,[0.057 0.117 0.189 0.29  0.414],[2.29828767 2.79904428 3.67848202 4.70366943 7.30238661],0.0738424239664395,-2.2541252569496475,2.4048834576499543,[0.057 0.117 0.189 0.29  0.414],[1.50350747 1.95460795 2.53302773 3.41760747 0.21051502],-0.4907017808419758,2.284987297450225,[0.057 0.117 0.189 0.29  0.414],[2.23893902 2.23504633 2.20647945 2.15100787 2.06988502],0.1137038837633056,[0.057 0.117 0.189 0.29  0.414],[0.13013148 0.11620292 0.12463464 0.12013783 0.15620243],,,,,,,,,,,,,
40,14.0,,HM-169,P.distastonis,analysis_stan_YCA_230607_2.5mM,r2,16,YCA,Richa,,0.615903127910569,yes,"[0.076, 0.096, 0.117, 0.13, 0.139, 0.163, 0.174, 0.225, 0.3, nan, nan, nan]","[0.0, 0.166666667, 0.483333333, 0.683333333, 0.983333333, 1.2, 1.3, 1.75, 1.95, nan, nan, nan]",41.0,1.0,,-5.379794844977074,17.146304509199844,[0.096 0.139 0.174 0.225 0.3  ],[16.64425844 16.37101519 16.20669448 15.96159586 15.52323019],0.6314535560655681,11.29699184520812,[0.096 0.139 0.174 0.225 0.3  ],[11.27144428 11.42138119 11.45440977 11.5149627  11.41253892],-1.160846885230817,9.165846928651415,[0.096 0.139 0.174 0.225 0.3  ],[9.0605535  8.9692533  8.99490589 8.9114161  8.80887486],1.758292288609185,0.7042252048458937,[0.096 0.139 0.174 0.225 0.3  ],[0.83643017 0.96456088 1.02472037 1.14071794 1.19694166],-0.2252408389018582,2.037373367197033,[0.096 0.139 0.174 0.225 0.3  ],[1.99648919 2.0057478  2.01712141 2.00794584 1.94918766],-0.9476206263278836,-0.3875543688008742,1.5908037707778593,[0.096 0.139 0.174 0.225 0.3  ],[1.6386988  1.47166886 1.46876229 1.50397304 1.50894008],-0.3122147271315456,2.233995383312681,[0.096 0.139 0.174 0.225 0.3  ],[2.19612729 2.19109137 2.18791824 2.17030568 2.13292579],0.5054127999786996,[0.096 0.139 0.174 0.225 0.3  ],[0.48589061 0.32441299 0.29645947 0.27767786 0.25754541],,,,,,,,,,,,,
41,11.0,,HM-169,P.distastonis,analysis_stan_YCA_230424_2.5mM,r1,13,YCA,Richa,,0.378472694862428,yes,"[0.033, 0.04, 0.048, 0.057, 0.061, 0.067, 0.073, 0.082, 0.09, 0.102, 0.402]","[0.0, 0.433333333, 0.816666667, 1.2, 1.566666667, 2.383333333, 2.666666667, 2.933333333, 3.266666667, 3.666666667, 5.766666667]",42.0,1.0,,-5.083492357526003,16.537908768025815,[0.048 0.082 0.402],[16.35509213 16.05336985 14.50084638],3.7578703734081738,11.423635675725972,[0.048 0.082 0.402],[11.63297229 11.69974533 12.93737644],2.2193903786712337,7.854182247767503,[0.048 0.082 0.402],[7.96448379 8.0320008  8.74677783],2.539961947294687,0.6622241697878767,[0.048 0.082 0.402],[0.79425379 0.85931526 1.68436321],0.0346837545885106,1.7778644650848987,[0.048 0.082 0.402],[1.7708271  1.79033532 1.79088273],0.0206012649876904,2.1392028864219172,1.034621330056489,[0.048 0.082 0.402],[1.15884657 1.18620347 1.89686989],-0.0157271070650722,2.13940665741711,[0.048 0.082 0.402],[2.13442479 2.14279312 2.13263524],0.0842510296722397,[0.048 0.082 0.402],[0.0909256  0.07965052 0.09313684],,,,,,,,,,,,,
42,10.0,,HM-169,P.distastonis,analysis_stan_YCA_230424_2.5mM,r1,12,YCA,Richa,,0.306825962029526,yes,"[0.059, 0.062, 0.068, 0.081, 0.086, 0.09, 0.095, 0.101, 0.11, 0.123, 0.427]","[0.0, 0.433333333, 0.816666667, 1.566666667, 1.883333333, 2.183333333, 2.666666667, 2.933333333, 3.266666667, 3.666666667, 5.766666667]",43.0,1.0,,-5.435233177792088,17.45212616604182,[0.062 0.101 0.427],[17.19382392 16.81507251 15.1406945 ],3.955223880947563,10.748033511941673,[0.062 0.101 0.427],[11.00808846 11.13090579 12.43868838],0.9824500974101904,8.34761893351789,[0.062 0.101 0.427],[8.35594894 8.50571877 8.76083465],2.0193873053224976,0.9025746982950086,[0.062 0.101 0.427],[1.05296892 1.07832682 1.76786687],0.7201252314881753,1.4640971318838072,[0.062 0.101 0.427],[1.47586956 1.57363806 1.76765767],0.1143408448012321,2.7748863671982344,0.8067121011470171,[0.062 0.101 0.427],[0.99893851 1.06437758 1.99400317],-0.0778679954947466,2.203469619864253,[0.062 0.101 0.427],[2.21064948 2.18216077 2.17165649],0.0604261233045536,[0.062 0.101 0.427],[0.06351202 0.07645669 0.10877075],,,,,,,,,,,,,
43,19.0,,ATCC27255,R.bromii,analysis_stan_YCA_230712_2.5mM,r3,21,YCA,Richa,,2.4341557961847,yes,"[0.138, 0.188, 0.244, 0.326, 0.457, nan, nan, nan]","[0.0, 0.116666667, 0.25, 0.383333333, 0.466666667, nan, nan, nan]",44.0,1.0,,-0.4002435821828445,0.5022436628357797,[0.138 0.188 0.244 0.326 0.457],[0.44384143 0.41581074 0.42598064 0.36766266 0.31639327],9.998244378012394,11.868387353872931,[0.138 0.188 0.244 0.326 0.457],[13.25733914 13.65277258 14.23851821 15.41399492 16.30693656],2.087111724589932,8.982767902417852,[0.138 0.188 0.244 0.326 0.457],[9.31071637 9.33788156 9.37978789 9.82494669 9.88436918],-0.0809361339500904,0.6809853372359154,[0.138 0.188 0.244 0.326 0.457],[0.65959641 0.67822627 0.66563082 0.64676263 0.64520397],0.0344667063427066,2.1226853344889824,[0.138 0.188 0.244 0.326 0.457],[2.15011366 2.11180917 2.13846314 2.10237206 2.15730209],0.7010294873431236,-7.677274291105911,5.380606514458643,[0.138 0.188 0.244 0.326 0.457],[3.3675846  3.42972057 4.16483639 5.17303616 0.38050272],-0.2534164875874742,12.293016876874988,[0.138 0.188 0.244 0.326 0.457],[12.22736116 12.27619824 12.23499005 12.21563868 12.16802375],-0.1265921608818667,[0.244 0.457],[0.04445903 0.19377831],,,,,,,,,,,,,
44,13.0,,ATCC27255,R.bromii,analysis_stan_YCA_230607_2.5mM,r2,15,YCA,Richa,,1.72925305428048,yes,"[0.047, 0.057, 0.172, 0.237, 0.321, 0.43, 0.55, nan, nan, nan, nan, nan]","[0.0, 0.25, 0.816666667, 1.0, 1.166666667, 1.333333333, 1.483333333, nan, nan, nan, nan, nan]",45.0,1.0,,-0.2743747602654172,0.1989811716540708,[0.172 0.237 0.321 0.43  0.55 ],[0.17403534 0.13780898 0.07663561 0.06626999 0.0709751 ],16.133564095289874,10.901186633337277,[0.172 0.237 0.321 0.43  0.55 ],[13.7383789  14.67200007 15.92210291 18.0818923  19.67995359],4.8888014926993035,9.156274359271263,[0.172 0.237 0.321 0.43  0.55 ],[ 9.91895525 10.32435032 10.79091281 11.35549276 11.7515112 ],-0.6013278518043953,0.9468435409950904,[0.172 0.237 0.321 0.43  0.55 ],[0.86861172 0.80807278 0.73319115 0.63849951 0.65757192],-0.2507722136768726,1.7239410590226891,[0.172 0.237 0.321 0.43  0.55 ],[1.67917762 1.64818277 1.63940172 1.67153966 1.55258304],0.8733451226526612,-5.695959081913072,5.560938149316358,[0.172 0.237 0.321 0.43  0.55 ],[3.51771867 4.58648216 5.99421536 1.16631355 2.79987099],-1.3555465937373017,11.649993391075666,[0.172 0.237 0.321 0.43  0.55 ],[11.35128958 11.344936   11.31327288 11.04351759 10.87896623],0.0055639066840196,[0.172 0.237 0.321 0.43  0.55 ],[0.23360675 0.19359376 0.20627829 0.33734075 0.55042013],,,,,,,,,,,,,
45,12.0,,ATCC27255,R.bromii,analysis_stan_YCA_230607_2.5mM,r2,14,YCA,Richa,,1.44812004700374,yes,"[0.042, 0.054, 0.071, 0.179, 0.248, 0.32, 0.416, 0.525, nan, nan, nan, nan]","[0.0, 0.35, 0.6, 1.166666667, 1.35, 1.516666667, 1.683333333, 1.833333333, nan, nan, nan, nan]",46.0,1.0,,-0.0924503826472008,0.0995024667825196,[0.071 0.179 0.248 0.32  0.416],[0.10699991 0.07256391 0.05932924 0.07521496 0.06932054],12.155252391185137,11.455432607905491,[0.071 0.179 0.248 0.32  0.416],[12.4398587  13.61059103 14.32926704 15.20592463 16.69110308],3.600166411694585,9.609057772886166,[0.071 0.179 0.248 0.32  0.416],[ 9.9112882  10.26349405 10.40480904 10.73877938 11.16952355],0.3420624114507798,0.9873909977797402,[0.071 0.179 0.248 0.32  0.416],[1.02857296 1.06006755 1.0401432  1.06401066 1.16626563],-0.0025125463508876,1.867483016241004,[0.071 0.179 0.248 0.32  0.416],[1.81550354 1.91031791 1.90882803 1.87253596 1.82712915],0.1856223618553261,13.393696718395116,0.9603543746941696,[0.071 0.179 0.248 0.32  0.416],[2.08014334 3.26596539 4.10362437 5.17850415 6.70135638],-0.5875930914475332,11.386258104617871,[0.071 0.179 0.248 0.32  0.416],[11.27425535 11.32346932 11.30105488 11.24024914 11.06717195],0.2688334750684132,[0.32  0.416],[0.32823263 0.34605238],,,,,,,,,,,,,
46,28.0,,DSM14610,R.intestinalis,analysis_Zur_Newruns_2023_June,m1,31,YCA,Markus,,0.712700716284135,yes,"[0.024, 0.046, 0.069, 0.094, 0.132, 0.213, 0.513, nan, nan, nan, nan, nan, nan]","[0.0, 0.833333333, 1.616666667, 1.983333333, 2.416666667, 3.083333333, 4.266666667, nan, nan, nan, nan, nan, nan]",47.0,1.0,,-4.02567050862314,15.581874775461982,[0.151 0.27  0.57 ],[15.3122198  14.02256136 13.42140369],3.9702535996259374,8.937444672106718,[0.151 0.27  0.57 ],[ 9.80805954  9.63076762 11.30802817],1.4289812338236338,4.968839005465779,[0.151 0.27  0.57 ],[5.2470648  5.26744262 5.80813   ],0.1031750032654997,0.4069565344975014,[0.151 0.27  0.57 ],[0.42796414 0.42723243 0.46791946],0.0154062380334398,0.7154448134847831,[0.151 0.27  0.57 ],[0.73377942 0.69724629 0.73057631],3.1633063864117523,,,,,0.2691177797737055,1.2432437804901262,[0.151 0.27  0.57 ],[1.29940004 1.29423005 1.40279697],-0.0929906801035009,[0.151 0.27  0.57 ],[0.34240342 0.82013238 1.69332878],,,,,,,,,,,,,
47,41.0,,DSM14610,R.intestinalis,analysis_Zur_Newruns_2023_June,m1,45,YCA,Markus,,0.759031682894392,yes,"[0.238, 0.316, 0.412, 0.626, nan, nan, nan, nan, nan, nan, nan, nan, nan]","[0.0, 0.383333333, 0.766666667, 1.266666667, nan, nan, nan, nan, nan, nan, nan, nan, nan]",48.0,1.0,,-6.960505707086207,16.69588702459037,[0.285 0.363 0.459 0.673],[14.74537566 14.32617591 13.21340008 12.10889629],4.619100818476912,9.13818275753482,[0.285 0.363 0.459 0.673],[10.46975678 10.55835854 11.60256671 12.14404845],2.835022900322085,5.921604896176911,[0.285 0.363 0.459 0.673],[6.79964533 6.68550127 7.48005047 7.76756327],0.2553884342624565,0.3140179548771621,[0.285 0.363 0.459 0.673],[0.4128155  0.39824118 0.39636773 0.50323883],-0.0959447121493837,0.9073606688402874,[0.285 0.363 0.459 0.673],[0.85434294 0.87490423 0.9064349  0.82297902],3.4329736291359088,5.120458566701642,-0.6737218038711694,[0.285 0.363 0.459 0.673],[0.64458031 0.88807183 2.3624017  2.5244752 ],-0.6179632247631102,1.3749477028665833,[0.285 0.363 0.459 0.673],[1.17286723 1.18677368 1.08601004 0.95416532],-0.0125215151420311,[0.285 0.363 0.459 0.673],[1.00230467 1.19751811 1.54950264 2.31128158],,,,,,,,,,,,,
48,42.0,,DSM14610,R.intestinalis,analysis_Zur_Newruns_2023_June,m1,47,YCA,Markus,,0.802955489891962,yes,"[0.055, 0.133, 0.202, 0.233, 0.28, 0.315, 0.35, 0.462, 0.54, nan, nan, nan, nan]","[0.0, 1.083333333, 1.566666667, 1.783333333, 2.0, 2.166666667, 2.416666667, 2.616666667, 2.783333333, nan, nan, nan, nan]",49.0,1.0,,-3.2213241722460144,15.039751185950438,[0.193 0.262 0.34  0.41  0.522 0.6  ],[14.32632717 14.2275364  14.21028335 13.49192026 13.36629255 13.12012605],1.3823938706320864,10.433716592400472,[0.193 0.262 0.34  0.41  0.522 0.6  ],[10.42257652 10.75269293 11.11179638 11.53531697 10.79654391 11.20020337],-2.572161942650822,7.760302499778518,[0.193 0.262 0.34  0.41  0.522 0.6  ],[6.95692658 7.09658504 7.06503412 7.34608795 5.81768846 6.29407202],0.1214503741685312,0.5384205341606447,[0.193 0.262 0.34  0.41  0.522 0.6  ],[0.59467869 0.5625121  0.59135474 0.50812944 0.62034071 0.63612254],-0.2087439021969318,0.661955945179347,[0.193 0.262 0.34  0.41  0.522 0.6  ],[0.59417472 0.61402478 0.57703638 0.65400278 0.5245455  0.52220445],1.537477700556007,-1.6479665340541916,1.253567806071677,[0.262 0.41  0.6  ],[0.72361059 0.75257634 0.18830306],0.1428471691207753,1.7789579783416496,[0.193 0.262 0.34  0.41  0.522 0.6  ],[1.84816306 1.821508   1.81144349 1.75537715 1.86778053 1.90188099],0.508488719221163,[0.34  0.41  0.522 0.6  ],[0.99270344 1.23148975 1.21382796 1.47409198],,,,,,,,,,,,,
49,34.0,,DSM14610,R.intestinalis,analysis_Zur_Newruns_2023_June,m1,37,YCA,Markus,,0.741929354811887,yes,"[0.068, 0.124, 0.174, 0.287, 0.437, 0.617, nan, nan, nan, nan, nan, nan, nan]","[0.0, 0.616666667, 1.116666667, 1.716666667, 2.45, 2.9, nan, nan, nan, nan, nan, nan, nan]",50.0,1.0,,-6.8791015296776195,18.00574224710423,[0.177 0.227 0.34  0.49  0.67 ],[16.9348168  16.54304712 15.58685614 14.13659806 13.7295838 ],2.8467425195376648,9.629683793772472,[0.177 0.227 0.34  0.49  0.67 ],[10.29065289 10.37144824 10.41584644 10.69232261 11.79834655],0.2777565424099414,6.637488063208843,[0.177 0.227 0.34  0.49  0.67 ],[6.84995045 6.74000874 6.56561542 6.53409116 7.026623  ],0.0632459797811693,0.42087658555421,[0.177 0.227 0.34  0.49  0.67 ],[0.42522654 0.45765524 0.41903878 0.45822372 0.46465899],-0.0799686763683518,0.8082800756491794,[0.177 0.227 0.34  0.49  0.67 ],[0.80851001 0.77358167 0.79445135 0.74592404 0.76667294],3.5598473234718955,,,,,0.6549305626702859,0.8976052942252212,[0.177 0.227 0.34  0.67 ],[1.62558875 0.68840397 0.68631415 1.51618613],0.0573794985000025,[0.177 0.227 0.34  0.49  0.67 ],[0.77988802 0.83867051 1.1068918  1.90939822 2.42999825],,,,,,,,,,,,,
50,,,DSM20083,B.adolescentis,"av [42, 33, 51]_used_only: [1.0, 2.0, 3.0]",av,av_B.adolescentis_DSM20083_YCA,YCA,,,0.6499451076631501,,,,,3.0,,-8.238884884817102,,,,12.114112796771707,,,,2.233406279454973,,,,0.5445836187419716,,,,3.2219198391831854,,,,,0.7823065174826067,,,,-1.0275191643632071,,,,,,,1.0875989477054662,1.5130183353677442,1.4070031501055016,0.3149202914878993,0.2642423901854703,,1.67909897765732,0.8141185384389736,18.92509583851384,3.107831376833246,-8.238884884817102,1.0875989477054662,0.026096730916817464
51,,,HM-727,B.finegoldii,"av [20, 5, 6]_used_only: [4.0, 5.0, 6.0]",av,av_B.finegoldii_HM-727_YCA,YCA,,,0.6696469351985949,,,,,3.0,,-4.654721221235681,,,,3.666919218017322,,,,0.9997814800375487,,,,2.0248290320963473,,,,0.11071900449912099,,,,-0.026965456718071434,1.8131011201646452,,,,-0.018587898202485364,,,,,,,0.7839529749640222,0.6192766327648352,0.8741341580833528,0.10402586181048727,0.09347338996278495,0.0857342497041876,0.2779097376043009,0.03250532875756976,8.389118815386968,1.5963731572255053,-4.654721221235681,0.7839529749640222,0.17084727916057552
52,,,ATCC25285,B.fragilis,"av [3, 4, 17]_used_only: [7.0, 8.0, 9.0]",av,av_B.fragilis_ATCC25285_YCA,YCA,,,0.7280875695880686,,,,,3.0,,-4.832237304071377,,,,3.4960012275923797,,,,0.3805472662905777,,,,2.6580945690866202,,,,0.364718105706872,,,,-0.18658239429084636,2.1870050369154233,,,,0.000861112025378967,,,,,,,1.2383799043489405,0.29161819617317986,0.2733832286886908,0.8698325616703454,1.0004526961886258,0.19220673906761163,0.21793632219454526,0.049237597349305204,9.071945539572907,0.7830093544669943,-4.832237304071377,1.2383799043489405,0.23123826556163724
53,,,DSM20219,B.longum,"av [38, 41, 32]_used_only: [10.0, 11.0, 12.0]",av,av_B.longum_DSM20219_YCA,YCA,,,0.5520973295302126,,,,,3.0,,-9.24303067346174,,,,13.612177120612989,,,,1.5788797870075035,,,,0.4546006762532846,,,,3.149714844368582,,,,,1.157539610826541,,,,-0.1777831344142836,,,,,,,1.3079054550669906,1.752781018838664,0.25131052909256124,0.06193580972040059,0.08637327120496151,,0.4273273466533108,1.3127468053797682,19.669700288127075,1.5914258642758892,-9.24303067346174,1.3079054550669906,0.02541106717648404
54,,,ATCC8483,B.ovatus,"av [8, 7, 18]_used_only: [13.0, 14.0, 15.0]",av,av_B.ovatus_ATCC8483_YCA,YCA,,,1.0945737976210463,,,,,3.0,,-4.210850919061987,,,,8.802434427026597,,,,0.12740185482997804,,,,1.5238603035777718,,,,0.2562158860173547,,,,-0.0362109321244792,10.289419426169903,,,,-0.0766320246755627,,,,,,,1.224786853717673,0.9880176283439571,0.7044209541116189,0.38728003786140314,0.5708695048126591,0.09967216710599346,1.2339310817111546,0.034110455709446395,21.22447386710419,1.5216017040192777,-4.210850919061987,1.224786853717673,0.27415453481914537
55,,,ATCC29148,B.theta,"av [53, 35, 43]_used_only: [16.0, 17.0, 18.0]",av,av_B.theta_ATCC29148_YCA,YCA,,,0.7654756454729177,,,,,3.0,,-6.248499705527197,,,,4.504512516154709,,,,1.5185133842416334,,,,2.332290134631029,,,,0.7286220974263508,,,,,0.9254189055905626,,,,-0.9506219769332342,,,,,,,1.8972090000464037,0.6646265680095822,0.7052417473613669,0.855687385324326,0.5664768905982096,,1.3690166274247597,1.4532245239479507,9.650961202849265,1.655738387261953,-6.248499705527197,1.8972090000464037,0.12659542616627265
56,,,ATCC8492,B.uniformis,"av [25, 24, 23]_used_only: [19.0, 20.0, 21.0]",av,av_B.uniformis_ATCC8492_YCA,YCA,,,1.04635369123962,,,,,3.0,,-6.650701013826024,,,,3.6100488070934507,,,,0.2924390642298711,,,,-4.688354512218742e-16,,,,10.845330330211246,,,,-0.0163555562772164,4.76527051645829,,,,-0.14782611704210794,,,,,,,0.21751693287815144,0.26361716793263495,0.15532438016637998,1.3539817599294313e-15,0.4177708640154248,0.041800890508269746,0.11228173986594399,0.006052638095422162,19.220649653762983,0.5412334126023693,-6.650701013826024,0.21751693287815144,0.04844474808342192
57,,,DSM 1447,B.vulgatus,"av [19, 11, 10]_used_only: [22.0, 23.0, 24.0]",av,av_B.vulgatus_DSM 1447_YCA,YCA,,,1.430963859279075,,,,,3.0,,-4.613216121926509,,,,8.570647747034283,,,,1.7453854402047426,,,,2.0856413796454105,,,,-0.08194008423081756,,,,0.004759992133892703,6.878825342140742,,,,-0.07001252067166167,,,,,,,0.874407430119515,6.666983461719102,2.851086206418379,2.035606891268806,0.4468049170354746,0.3194661096209962,7.027171907444274,0.027884117297316904,19.61203633787548,11.395697905163482,-4.613216121926509,0.874407430119515,1.045730998750087
58,,,DSM3979,C.aerofaciens,"av [49, 50, 52, 34]_used_only: [25.0, 26.0, 27.0, 28.0]",av,av_C.aerofaciens_DSM3979_YCA,YCA,,,0.5044066648177102,,,,,4.0,,-6.349981239104656,,,,4.440343854664931,,,,1.7562951338067285,,,,0.2647619759352961,,,,2.050442528873127,,,,0.7742204381880187,5.122145254157272,,,,-0.38973231915597956,,,,,,,0.5685391165035497,1.0455886564089376,0.7838431505644886,0.21507734771437542,0.5551114916735014,0.04543968958757775,0.9855776876219446,2.19437358559592,13.756336990596068,1.1222771361741573,-6.349981239104656,0.5685391165035497,0.1346459939204282
59,,,NCM3722,E.coli,"av [2, 22, 1]_used_only: [29.0, 30.0, 31.0]",av,av_E.coli_NCM3722_YCA,YCA,,,1.6192496285016602,,,,,3.0,,-3.814796975790592,,,,9.180978017097681,,,,-0.5750271898843377,,,,1.6264217653820172,,,,0.4046979155751946,,,,-0.22336132582759563,10.117314505149801,,,,-0.10855368300605721,,,,,,,0.05833487416767447,1.39837710608251,1.1143396790368123,0.39721614630140406,0.46120336429875236,0.39539534108749497,1.132452847907666,0.02099601147816789,21.236730405367208,2.3044681940858447,-3.814796975790592,0.05833487416767447,0.11214864114168539
60,,,ATCC33656,E.rectale,"av [39, 30, 36]_used_only: [32.0, 33.0, 34.0]",av,av_E.rectale_ATCC33656_YCA,YCA,,,0.7773149187253686,,,,,3.0,,-6.572608888213082,,,,2.868648357841039,,,,0.7296346938403432,,,,0.03975170654341167,,,,0.02552435379927027,,,,3.8870954457949245,1.5220604412723941,,,,-0.19979425684352728,,,,,,,0.2685032259422097,0.9468782810368295,0.09298400524086702,0.11485743402531376,0.14221857010026018,0.3963357352536476,0.39429427869768036,0.4964652886293266,8.50008545832457,1.5824932415518753,-6.572608888213082,0.2685032259422097,0.03766753137150455
61,,,DSM17677,F.prausnitzii,"av [48, 40, 54]_used_only: [35.0, 36.0, 37.0]",av,av_F.prausnitzii_DSM17677_YCA,YCA,,,0.38925423326179126,,,,,3.0,,-0.4807286560490441,,,,-0.15238266662073058,,,,0.6957804497445892,,,,0.01471356410102817,,,,-0.4801310647319581,,,,4.366986860140474,6.256170414836638,,,,-2.670848830728673,,,,,,,0.502637072464182,0.26396475022040117,0.21317148640353814,0.1259013345194451,0.14624974370143434,0.519808837076351,0.9517622310977764,0.4461725093988654,11.167499742373403,0.8983127145119787,-2.670848830728673,0.4461725093988654,0.03888310512527206
62,,,DSM18205,P.copri,"av [29, 27, 26]_used_only: [38.0, 39.0, 40.0]",av,av_P.copri_DSM18205_YCA,YCA,,,0.7956237987727103,,,,,3.0,,-8.366688070790056,,,,4.8943999622721535,,,,0.1293536249530657,,,,-2.2099511005431545e-16,,,,12.054597977412273,,,,-0.001996333997732432,5.168294727108693,,,,-0.5306769710934741,,,,,,,0.6798524433462443,0.2959328522853524,0.18319639689900472,7.96815172133779e-16,1.479057693646422,0.10303519447897107,6.430884781171077,0.036439925888653316,22.868667752443002,3.0861674717537726,-8.366688070790056,0.6798524433462443,0.029777505906070756
63,,,HM-169,P.distastonis,"av [16, 13, 12]_used_only: [41.0, 42.0, 43.0]",av,av_P.distastonis_HM-169_YCA,YCA,,,0.4337339282675077,,,,,3.0,,-5.299506793431721,,,,2.7815159368071014,,,,0.6803311969502023,,,,2.1058805137421235,,,,0.17652271572494257,,,,-0.27089283884632037,1.5088449616064257,,,,-0.1352699432304548,,,,,,,0.1891164444887762,1.8646214850592302,1.7102508186167809,0.39794807469620697,0.4883830156069825,0.5879346485521786,1.6728033916781482,0.15635685119642215,7.832748104279141,3.849687883919386,-5.299506793431721,0.1891164444887762,0.1617792525491216
64,,,ATCC27255,R.bromii,"av [21, 15, 14]_used_only: [44.0, 45.0, 46.0]",av,av_R.bromii_ATCC27255_YCA,YCA,,,1.8705096324896398,,,,,3.0,,-0.2556895750318208,,,,12.7623536214958,,,,3.52535987632794,,,,-0.11340052476790195,,,,-0.0729393512283512,,,,0.5866656572837036,0.006821115125377493,,,,-0.7321853909241031,,,,,,,0.15474500163335647,3.112389104239217,1.4023421132100242,0.4725322737174106,0.15511370509216849,0.35784069521097245,11.635623374044409,0.5651131678888743,21.277070607287374,6.69436426578429,-0.7321853909241031,0.5651131678888743,0.5079681981494851
65,,,DSM14610,R.intestinalis,"av [31, 45, 47, 37]_used_only: [47.0, 48.0, 49.0, 50.0]",av,av_R.intestinalis_DSM14610_YCA,YCA,,,0.7541543109705939,,,,,4.0,,-5.271650479408245,,,,3.20462270206815,,,,0.49239968347620944,,,,0.13581494786941417,,,,-0.09231276317030689,,,,2.923401259893891,1.7362460163237254,,,,0.11223307170041413,,,,,,,1.9315309051377234,1.4183952378491353,2.295116422239015,0.08333822800078902,0.09187883486369583,0.9386277525189278,4.785999286697692,0.5333095513433532,8.47413963717388,4.7928287980466076,-5.271650479408245,1.9315309051377234,0.03774119714807658
