time_min,step,intensity_mV
0.016667,1.0,-0.01825
0.033333,1.0,-0.0175
0.05,1.0,-0.017625
0.066667,1.0,-0.016625
0.083333,1.0,-0.016125
0.1,1.0,-0.015375
0.116667,1.0,-0.015
0.133333,1.0,-0.01475
0.15,1.0,-0.014
0.166667,1.0,-0.013375
0.183333,1.0,-0.012375
0.2,1.0,-0.01175
0.216667,1.0,-0.01075
0.233333,1.0,-0.01025
0.25,1.0,-0.009625
0.266667,1.0,-0.008875
0.283333,1.0,-0.01025
0.3,1.0,-0.0135
0.316667,1.0,-0.01625
0.333333,1.0,-0.018375
0.35,1.0,-0.01725
0.366667,1.0,-0.013
0.383333,1.0,-0.009
0.4,1.0,-0.00575
0.416667,1.0,-0.003125
0.433333,1.0,-0.000625
0.45,1.0,0.0005
0.466667,1.0,0.00075
0.483333,1.0,-0.0005
0.5,1.0,-0.00275
0.516667,1.0,-0.005375
0.533333,1.0,-0.007875
0.55,1.0,-0.010875
0.566667,1.0,-0.013
0.583333,1.0,-0.0145
0.6,1.0,-0.016875
0.616667,1.0,-0.018875
0.633333,1.0,-0.021
0.65,1.0,-0.022125
0.666667,1.0,-0.0235
0.683333,1.0,-0.02475
0.7,1.0,-0.026625
0.716667,1.0,-0.0275
0.733333,1.0,-0.02875
0.75,1.0,-0.030125
0.766667,1.0,-0.0315
0.783333,1.0,-0.0325
0.8,1.0,-0.032625
0.816667,1.0,-0.033
0.833333,1.0,-0.033875
0.85,1.0,-0.034
0.866667,1.0,-0.03475
0.883333,1.0,-0.035375
0.9,1.0,-0.0355
0.916667,1.0,-0.03525
0.933333,1.0,-0.036
0.95,1.0,-0.03675
0.966667,1.0,-0.037625
0.983333,1.0,-0.038125
1.0,1.0,-0.03875
1.016667,1.0,-0.039
1.033333,1.0,-0.039
1.05,1.0,-0.039625
1.066667,1.0,-0.039625
1.083333,1.0,-0.03925
1.1,1.0,-0.04
1.116667,1.0,-0.040625
1.133333,1.0,-0.041
1.15,1.0,-0.04175
1.166667,1.0,-0.042125
1.183333,1.0,-0.043
1.2,1.0,-0.042875
1.216667,1.0,-0.043375
1.233333,1.0,-0.044
1.25,1.0,-0.043875
1.266667,1.0,-0.043625
1.283333,1.0,-0.044125
1.3,1.0,-0.044375
1.316667,1.0,-0.045125
1.333333,1.0,-0.046375
1.35,1.0,-0.04625
1.366667,1.0,-0.046875
1.383333,1.0,-0.04675
1.4,1.0,-0.046875
1.416667,1.0,-0.04775
1.433333,1.0,-0.0485
1.45,1.0,-0.04875
1.466667,1.0,-0.048625
1.483333,1.0,-0.04875
1.5,1.0,-0.049125
1.516667,1.0,-0.049625
1.533333,1.0,-0.050125
1.55,1.0,-0.05
1.566667,1.0,-0.049625
1.583333,1.0,-0.050125
1.6,1.0,-0.049125
1.616667,1.0,-0.04975
1.633333,1.0,-0.049375
1.65,1.0,-0.04875
1.666667,1.0,-0.04825
1.683333,1.0,-0.047875
1.7,1.0,-0.047375
1.716667,1.0,-0.047125
1.733333,1.0,-0.047125
1.75,1.0,-0.04775
1.766667,1.0,-0.047875
1.783333,1.0,-0.0475
1.8,1.0,-0.04775
1.816667,1.0,-0.047625
1.833333,1.0,-0.0465
1.85,1.0,-0.047
1.866667,1.0,-0.0475
1.883333,1.0,-0.047125
1.9,1.0,-0.04775
1.916667,1.0,-0.0485
1.933333,1.0,-0.048875
1.95,1.0,-0.049375
1.966667,1.0,-0.049625
1.983333,1.0,-0.05025
2.0,1.0,-0.05025
2.016667,1.0,-0.05025
2.033333,1.0,-0.05075
2.05,1.0,-0.051
2.066667,1.0,-0.051125
2.083333,1.0,-0.051
2.1,1.0,-0.051
2.116667,1.0,-0.051
2.133333,1.0,-0.05075
2.15,1.0,-0.050375
2.166667,1.0,-0.0505
2.183333,1.0,-0.049875
2.2,1.0,-0.04975
2.216667,1.0,-0.04975
2.233333,1.0,-0.049375
2.25,1.0,-0.04775
2.266667,1.0,-0.047125
2.283333,1.0,-0.047
2.3,1.0,-0.0465
2.316667,1.0,-0.045375
2.333333,1.0,-0.044375
2.35,1.0,-0.044
2.366667,1.0,-0.04325
2.383333,1.0,-0.04125
2.4,1.0,-0.0395
2.416667,1.0,-0.03725
2.433333,1.0,-0.035375
2.45,1.0,-0.034
2.466667,1.0,-0.032125
2.483333,1.0,-0.030125
2.5,1.0,-0.0285
2.516667,1.0,-0.027125
2.533333,1.0,-0.02525
2.55,1.0,-0.02375
2.566667,1.0,-0.021625
2.583333,1.0,-0.02025
2.6,1.0,-0.018625
2.616667,1.0,-0.01675
2.633333,1.0,-0.01475
2.65,1.0,-0.012875
2.666667,1.0,-0.011125
2.683333,1.0,-0.0095
2.7,1.0,-0.007875
2.716667,1.0,-0.006
2.733333,1.0,-0.00475
2.75,1.0,-0.00325
2.766667,1.0,-0.002125
2.783333,1.0,-0.0005
2.8,1.0,0.001125
2.816667,1.0,0.003125
2.833333,1.0,0.00425
2.85,1.0,0.00525
2.866667,1.0,0.006625
2.883333,1.0,0.008875
2.9,1.0,0.0105
2.916667,1.0,0.0115
2.933333,1.0,0.012875
2.95,1.0,0.01425
2.966667,1.0,0.015375
2.983333,1.0,0.017125
3.0,1.0,0.0185
3.016667,1.0,0.019625
3.033333,1.0,0.021
3.05,1.0,0.02225
3.066667,1.0,0.02325
3.083333,1.0,0.02375
3.1,1.0,0.023875
3.116667,1.0,0.0245
3.133333,1.0,0.025875
3.15,1.0,0.026875
3.166667,1.0,0.026875
3.183333,1.0,0.027625
3.2,1.0,0.0285
3.216667,1.0,0.028125
3.233333,1.0,0.028
3.25,1.0,0.02775
3.266667,1.0,0.0275
3.283333,1.0,0.02725
3.3,1.0,0.02675
3.316667,1.0,0.02575
3.333333,1.0,0.02475
3.35,1.0,0.0245
3.366667,1.0,0.023125
3.383333,1.0,0.02225
3.4,1.0,0.0215
3.416667,1.0,0.020125
3.433333,1.0,0.018375
3.45,1.0,0.017
3.466667,1.0,0.015125
3.483333,1.0,0.014
3.5,1.0,0.013
3.516667,1.0,0.011125
3.533333,1.0,0.00875
3.55,1.0,0.006875
3.566667,1.0,0.005
3.583333,1.0,0.00325
3.6,1.0,0.00175
3.616667,1.0,0.0
3.633333,1.0,-0.001375
3.65,1.0,-0.002875
3.666667,1.0,-0.004875
3.683333,1.0,-0.007375
3.7,1.0,-0.01
3.716667,1.0,-0.0115
3.733333,1.0,-0.013125
3.75,1.0,-0.01475
3.766667,1.0,-0.016875
3.783333,1.0,-0.018625
3.8,1.0,-0.019375
3.816667,1.0,-0.021
3.833333,1.0,-0.022375
3.85,1.0,-0.024
3.866667,1.0,-0.025875
3.883333,1.0,-0.02775
3.9,1.0,-0.028875
3.916667,1.0,-0.02975
3.933333,1.0,-0.031875
3.95,1.0,-0.0325
3.966667,1.0,-0.03375
3.983333,1.0,-0.03475
4.0,1.0,-0.035375
4.016667,1.0,-0.036375
4.033333,1.0,-0.037375
4.05,1.0,-0.03875
4.066667,1.0,-0.039375
4.083333,1.0,-0.04025
4.1,1.0,-0.041
4.116667,1.0,-0.04225
4.133333,1.0,-0.04275
4.15,1.0,-0.04275
4.166667,1.0,-0.04325
4.183333,1.0,-0.043875
4.2,1.0,-0.044625
4.216667,1.0,-0.045
4.233333,1.0,-0.045625
4.25,1.0,-0.04575
4.266667,1.0,-0.046125
4.283333,1.0,-0.046375
4.3,1.0,-0.046
4.316667,1.0,-0.045625
4.333333,1.0,-0.045875
4.35,1.0,-0.04525
4.366667,1.0,-0.04475
4.383333,1.0,-0.044125
4.4,1.0,-0.042875
4.416667,1.0,-0.042375
4.433333,1.0,-0.041125
4.45,1.0,-0.04
4.466667,1.0,-0.039375
4.483333,1.0,-0.038125
4.5,1.0,-0.03675
4.516667,1.0,-0.03525
4.533333,1.0,-0.032875
4.55,1.0,-0.03125
4.566667,1.0,-0.029
4.583333,1.0,-0.027125
4.6,1.0,-0.024875
4.616667,1.0,-0.022
4.633333,1.0,-0.01975
4.65,1.0,-0.01775
4.666667,1.0,-0.015125
4.683333,1.0,-0.0125
4.7,1.0,-0.009875
4.716667,1.0,-0.00675
4.733333,1.0,-0.003625
4.75,1.0,-0.0005
4.766667,1.0,0.00175
4.783333,1.0,0.0055
4.8,1.0,0.009125
4.816667,1.0,0.0125
4.833333,1.0,0.015125
4.85,1.0,0.01825
4.866667,1.0,0.02225
4.883333,1.0,0.02575
4.9,1.0,0.02875
4.916667,1.0,0.03225
4.933333,1.0,0.035
4.95,1.0,0.03875
4.966667,1.0,0.042125
4.983333,1.0,0.045375
5.0,1.0,0.049
5.016667,1.0,0.052
5.033333,1.0,0.05525
5.05,1.0,0.058125
5.066667,1.0,0.060875
5.083333,1.0,0.06475
5.1,1.0,0.067625
5.116667,1.0,0.07075
5.133333,1.0,0.073375
5.15,1.0,0.07525
5.166667,1.0,0.077
5.183333,1.0,0.079375
5.2,1.0,0.08125
5.216667,1.0,0.081875
5.233333,1.0,0.083
5.25,1.0,0.08475
5.266667,1.0,0.0865
5.283333,1.0,0.08725
5.3,1.0,0.0875
5.316667,1.0,0.08725
5.333333,1.0,0.08725
5.35,1.0,0.08725
5.366667,1.0,0.0875
5.383333,1.0,0.087625
5.4,1.0,0.086875
5.416667,1.0,0.08575
5.433333,1.0,0.08425
5.45,1.0,0.08375
5.466667,1.0,0.08275
5.483333,1.0,0.080875
5.5,1.0,0.07975
5.516667,1.0,0.078875
5.533333,1.0,0.077125
5.55,1.0,0.075625
5.566667,1.0,0.07425
5.583333,1.0,0.07275
5.6,1.0,0.071625
5.616667,1.0,0.07
5.633333,1.0,0.0675
5.65,1.0,0.066125
5.666667,1.0,0.0645
5.683333,1.0,0.063
5.7,1.0,0.060875
5.716667,1.0,0.0595
5.733333,1.0,0.05775
5.75,1.0,0.0565
5.766667,1.0,0.054625
5.783333,1.0,0.053125
5.8,1.0,0.051875
5.816667,1.0,0.05
5.833333,1.0,0.047875
5.85,1.0,0.046125
5.866667,1.0,0.045125
5.883333,1.0,0.043625
5.9,1.0,0.0425
5.916667,1.0,0.04075
5.933333,1.0,0.039375
5.95,1.0,0.038625
5.966667,1.0,0.037375
5.983333,1.0,0.036
6.0,1.0,0.035125
6.016667,1.0,0.0345
6.033333,1.0,0.034
6.05,1.0,0.033625
6.066667,1.0,0.033125
6.083333,1.0,0.033
6.1,1.0,0.0325
6.116667,1.0,0.03275
6.133333,1.0,0.033
6.15,1.0,0.033875
6.166667,1.0,0.034125
6.183333,1.0,0.034625
6.2,1.0,0.035375
6.216667,1.0,0.0365
6.233333,1.0,0.03675
6.25,1.0,0.038
6.266667,1.0,0.0395
6.283333,1.0,0.040375
6.3,1.0,0.042
6.316667,1.0,0.04325
6.333333,1.0,0.0455
6.35,1.0,0.047875
6.366667,1.0,0.049875
6.383333,1.0,0.052125
6.4,1.0,0.054625
6.416667,1.0,0.05725
6.433333,1.0,0.059625
6.45,1.0,0.061625
6.466667,1.0,0.064
6.483333,1.0,0.0665
6.5,1.0,0.069
6.516667,1.0,0.07125
6.533333,1.0,0.074
6.55,1.0,0.076
6.566667,1.0,0.078875
6.583333,1.0,0.080625
6.6,1.0,0.083
6.616667,1.0,0.08575
6.633333,1.0,0.087625
6.65,1.0,0.0895
6.666667,1.0,0.0915
6.683333,1.0,0.092875
6.7,1.0,0.094625
6.716667,1.0,0.095875
6.733333,1.0,0.09825
6.75,1.0,0.09975
6.766667,1.0,0.1005
6.783333,1.0,0.1005
6.8,1.0,0.10075
6.816667,1.0,0.100875
6.833333,1.0,0.100875
6.85,1.0,0.100375
6.866667,1.0,0.09975
6.883333,1.0,0.099
6.9,1.0,0.09825
6.916667,1.0,0.096875
6.933333,1.0,0.095875
6.95,1.0,0.0945
6.966667,1.0,0.0925
6.983333,1.0,0.091
7.0,1.0,0.089125
7.016667,1.0,0.0865
7.033333,1.0,0.083875
7.05,1.0,0.08075
7.066667,1.0,0.078375
7.083333,1.0,0.07575
7.1,1.0,0.073125
7.116667,1.0,0.070625
7.133333,1.0,0.0675
7.15,1.0,0.06475
7.166667,1.0,0.062125
7.183333,1.0,0.05975
7.2,1.0,0.05725
7.216667,1.0,0.054
7.233333,1.0,0.050875
7.25,1.0,0.048375
7.266667,1.0,0.045875
7.283333,1.0,0.043375
7.3,1.0,0.04125
7.316667,1.0,0.038
7.333333,1.0,0.035375
7.35,1.0,0.0335
7.366667,1.0,0.0305
7.383333,1.0,0.02825
7.4,1.0,0.025875
7.416667,1.0,0.0235
7.433333,1.0,0.02125
7.45,1.0,0.019
7.466667,1.0,0.016875
7.483333,1.0,0.015
7.5,1.0,0.013
7.516667,1.0,0.010875
7.533333,1.0,0.009
7.55,1.0,0.007
7.566667,1.0,0.005625
7.583333,1.0,0.0045
7.6,1.0,0.002875
7.616667,1.0,0.002375
7.633333,1.0,0.001125
7.65,1.0,0.001
7.666667,1.0,0.0
7.683333,1.0,-0.001
7.7,1.0,-0.00175
7.716667,1.0,-0.00225
7.733333,1.0,-0.002625
7.75,1.0,-0.0025
7.766667,1.0,-0.00325
7.783333,1.0,-0.004125
7.8,1.0,-0.00425
7.816667,1.0,-0.00425
7.833333,1.0,-0.003625
7.85,1.0,-0.003875
7.866667,1.0,-0.003375
7.883333,1.0,-0.003
7.9,1.0,-0.002625
7.916667,1.0,-0.001625
7.933333,1.0,-0.000875
7.95,1.0,-0.00025
7.966667,1.0,0.0
7.983333,1.0,0.00075
8.0,1.0,0.002
8.016667,1.0,0.00275
8.033333,1.0,0.00425
8.05,1.0,0.005125
8.066667,1.0,0.006875
8.083333,1.0,0.00775
8.1,1.0,0.009125
8.116667,1.0,0.010125
8.133333,1.0,0.011875
8.15,1.0,0.012875
8.166667,1.0,0.014
8.183333,1.0,0.01525
8.2,1.0,0.016
8.216667,1.0,0.01675
8.233333,1.0,0.017625
8.25,1.0,0.018875
8.266667,1.0,0.020375
8.283333,1.0,0.02125
8.3,1.0,0.022875
8.316667,1.0,0.024875
8.333333,1.0,0.027375
8.35,1.0,0.028625
8.366667,1.0,0.029875
8.383333,1.0,0.031625
8.4,1.0,0.03275
8.416667,1.0,0.0345
8.433333,1.0,0.036875
8.45,1.0,0.039375
8.466667,1.0,0.041125
8.483333,1.0,0.042625
8.5,1.0,0.0445
8.516667,1.0,0.04575
8.533333,1.0,0.048125
8.55,1.0,0.050875
8.566667,1.0,0.05275
8.583333,1.0,0.054125
8.6,1.0,0.0555
8.616667,1.0,0.0575
8.633333,1.0,0.059125
8.65,1.0,0.06025
8.666667,1.0,0.061125
8.683333,1.0,0.062
8.7,1.0,0.063125
8.716667,1.0,0.06375
8.733333,1.0,0.06575
8.75,1.0,0.067375
8.766667,1.0,0.0695
8.783333,1.0,0.0715
8.8,1.0,0.07275
8.816667,1.0,0.074
8.833333,1.0,0.0755
8.85,1.0,0.07625
8.866667,1.0,0.0775
8.883333,1.0,0.078375
8.9,1.0,0.078
8.916667,1.0,0.078875
8.933333,1.0,0.079125
8.95,1.0,0.079375
8.966667,1.0,0.079875
8.983333,1.0,0.079875
9.0,1.0,0.0805
9.016667,1.0,0.0805
9.033333,1.0,0.080625
9.05,1.0,0.08075
9.066667,1.0,0.080625
9.083333,1.0,0.08075
9.1,1.0,0.080375
9.116667,1.0,0.0805
9.133333,1.0,0.08025
9.15,1.0,0.0805
9.166667,1.0,0.08025
9.183333,1.0,0.07975
9.2,1.0,0.07925
9.216667,1.0,0.07875
9.233333,1.0,0.07875
9.25,1.0,0.0785
9.266667,1.0,0.07925
9.283333,1.0,0.0795
9.3,1.0,0.07975
9.316667,1.0,0.08025
9.333333,1.0,0.081
9.35,1.0,0.081875
9.366667,1.0,0.082625
9.383333,1.0,0.083
9.4,1.0,0.08375
9.416667,1.0,0.08425
9.433333,1.0,0.08575
9.45,1.0,0.087375
9.466667,1.0,0.08975
9.483333,1.0,0.09125
9.5,1.0,0.094
9.516667,1.0,0.097375
9.533333,1.0,0.1015
9.55,1.0,0.10675
9.566667,1.0,0.113
9.583333,1.0,0.120875
9.6,1.0,0.13025
9.616667,1.0,0.141
9.633333,1.0,0.153875
9.65,1.0,0.168
9.666667,1.0,0.185625
9.683333,1.0,0.204375
9.7,1.0,0.2255
9.716667,1.0,0.247
9.733333,1.0,0.2685
9.75,1.0,0.2885
9.766667,1.0,0.3065
9.783333,1.0,0.322
9.8,1.0,0.33275
9.816667,1.0,0.338625
9.833333,1.0,0.33725
9.85,1.0,0.329625
9.866667,1.0,0.314
9.883333,1.0,0.29025
9.9,1.0,0.262875
9.916667,1.0,0.24875
9.933333,1.0,0.28025
9.95,1.0,0.403625
9.966667,1.0,0.67825
9.983333,1.0,1.166
10.0,1.0,1.9265
10.016667,1.0,3.010375
10.033333,1.0,4.453125
10.05,1.0,6.2765
10.066667,1.0,8.490625
10.083333,1.0,11.092625
10.1,1.0,14.0635
10.116667,1.0,17.372375
10.133333,1.0,20.970875
10.15,1.0,24.787625
10.166667,1.0,28.725625
10.183333,1.0,32.66225
10.2,1.0,36.447125
10.216667,1.0,39.89525
10.233333,1.0,42.803625
10.25,1.0,44.96775
10.266667,1.0,46.216625
10.283333,1.0,46.4425
10.3,1.0,45.626875
10.316667,1.0,43.849
10.333333,1.0,41.273125
10.35,1.0,38.1235
10.366667,1.0,34.64525
10.383333,1.0,31.067125
10.4,1.0,27.573
10.416667,1.0,24.2985
10.433333,1.0,21.32325
10.45,1.0,18.68375
10.466667,1.0,16.378
10.483333,1.0,14.383375
10.5,1.0,12.6665
10.516667,1.0,11.19
10.533333,1.0,9.917
10.55,1.0,8.81625
10.566667,1.0,7.861125
10.583333,1.0,7.03125
10.6,1.0,6.31025
10.616667,1.0,5.6845
10.633333,1.0,5.142875
10.65,1.0,4.675625
10.666667,1.0,4.271625
10.683333,1.0,3.92175
10.7,1.0,3.619
10.716667,1.0,3.357125
10.733333,1.0,3.12875
10.75,1.0,2.92825
10.766667,1.0,2.75125
10.783333,1.0,2.593875
10.8,1.0,2.453625
10.816667,1.0,2.3275
10.833333,1.0,2.213375
10.85,1.0,2.109625
10.866667,1.0,2.015
10.883333,1.0,1.92875
10.9,1.0,1.84925
10.916667,1.0,1.77675
10.933333,1.0,1.708125
10.95,1.0,1.64525
10.966667,1.0,1.587625
10.983333,1.0,1.534125
11.0,1.0,1.485
11.016667,1.0,1.439125
11.033333,1.0,1.396
11.05,1.0,1.35625
11.066667,1.0,1.31975
11.083333,1.0,1.28625
11.1,1.0,1.254
11.116667,1.0,1.22475
11.133333,1.0,1.196875
11.15,1.0,1.170875
11.166667,1.0,1.14625
11.183333,1.0,1.12275
11.2,1.0,1.100875
11.216667,1.0,1.080875
11.233333,1.0,1.06125
11.25,1.0,1.043375
11.266667,1.0,1.027375
11.283333,1.0,1.012125
11.3,1.0,0.99725
11.316667,1.0,0.98275
11.333333,1.0,0.96875
11.35,1.0,0.953875
11.366667,1.0,0.940875
11.383333,1.0,0.930375
11.4,1.0,0.919875
11.416667,1.0,0.9115
11.433333,1.0,0.9035
11.45,1.0,0.8965
11.466667,1.0,0.89075
11.483333,1.0,0.8855
11.5,1.0,0.881375
11.516667,1.0,0.878
11.533333,1.0,0.87525
11.55,1.0,0.87325
11.566667,1.0,0.87175
11.583333,1.0,0.87075
11.6,1.0,0.87025
11.616667,1.0,0.870625
11.633333,1.0,0.871
11.65,1.0,0.871375
11.666667,1.0,0.872
11.683333,1.0,0.872875
11.7,1.0,0.8735
11.716667,1.0,0.87375
11.733333,1.0,0.873875
11.75,1.0,0.873375
11.766667,1.0,0.873125
11.783333,1.0,0.874375
11.8,1.0,0.87475
11.816667,1.0,0.876375
11.833333,1.0,0.87825
11.85,1.0,0.881875
11.866667,1.0,0.887
11.883333,1.0,0.89275
11.9,1.0,0.901375
11.916667,1.0,0.9115
11.933333,1.0,0.9235
11.95,1.0,0.9375
11.966667,1.0,0.955125
11.983333,1.0,0.97525
12.0,1.0,0.997375
12.016667,1.0,1.023375
12.033333,1.0,1.052625
12.05,1.0,1.0865
12.066667,1.0,1.126
12.083333,1.0,1.171625
12.1,1.0,1.22575
12.116667,1.0,1.28975
12.133333,1.0,1.366375
12.15,1.0,1.45825
12.166667,1.0,1.567
12.183333,1.0,1.69525
12.2,1.0,1.84575
12.216667,1.0,2.018875
12.233333,1.0,2.216375
12.25,1.0,2.439625
12.266667,1.0,2.68975
12.283333,1.0,2.969125
12.3,1.0,3.27875
12.316667,1.0,3.62125
12.333333,1.0,3.999125
12.35,1.0,4.414875
12.366667,1.0,4.870875
12.383333,1.0,5.37
12.4,1.0,5.911875
12.416667,1.0,6.494
12.433333,1.0,7.10975
12.45,1.0,7.751125
12.466667,1.0,8.404625
12.483333,1.0,9.05125
12.5,1.0,9.66775
12.516667,1.0,10.23075
12.533333,1.0,10.717125
12.55,1.0,11.1095
12.566667,1.0,11.398
12.583333,1.0,11.582625
12.6,1.0,11.66875
12.616667,1.0,11.66825
12.633333,1.0,11.593875
12.65,1.0,11.459875
12.666667,1.0,11.28
12.683333,1.0,11.065
12.7,1.0,10.823625
12.716667,1.0,10.566375
12.733333,1.0,10.299
12.75,1.0,10.026375
12.766667,1.0,9.75475
12.783333,1.0,9.48575
12.8,1.0,9.22125
12.816667,1.0,8.964625
12.833333,1.0,8.71575
12.85,1.0,8.4735
12.866667,1.0,8.238875
12.883333,1.0,8.0105
12.9,1.0,7.785625
12.916667,1.0,7.564875
12.933333,1.0,7.346375
12.95,1.0,7.128625
12.966667,1.0,6.909375
12.983333,1.0,6.688
13.0,1.0,6.46225
13.016667,1.0,6.23125
13.033333,1.0,5.99175
13.05,1.0,5.740625
13.066667,1.0,5.477375
13.083333,1.0,5.197375
13.1,1.0,4.89775
13.116667,1.0,4.57625
13.133333,1.0,4.229875
13.15,1.0,3.861625
13.166667,1.0,3.4755
13.183333,1.0,3.085625
13.2,1.0,2.710375
13.216667,1.0,2.370375
13.233333,1.0,2.07875
13.25,1.0,1.839875
13.266667,1.0,1.648875
13.283333,1.0,1.497875
13.3,1.0,1.377625
13.316667,1.0,1.2805
13.333333,1.0,1.20025
13.35,1.0,1.134125
13.366667,1.0,1.077875
13.383333,1.0,1.029125
13.4,1.0,0.987875
13.416667,1.0,0.951
13.433333,1.0,0.918875
13.45,1.0,0.890625
13.466667,1.0,0.86575
13.483333,1.0,0.843875
13.5,1.0,0.824625
13.516667,1.0,0.80825
13.533333,1.0,0.794875
13.55,1.0,0.784625
13.566667,1.0,0.7765
13.583333,1.0,0.7705
13.6,1.0,0.766375
13.616667,1.0,0.763375
13.633333,1.0,0.761625
13.65,1.0,0.76075
13.666667,1.0,0.759375
13.683333,1.0,0.757625
13.7,1.0,0.755
13.716667,1.0,0.75125
13.733333,1.0,0.74675
13.75,1.0,0.740625
13.766667,1.0,0.733125
13.783333,1.0,0.7245
13.8,1.0,0.715625
13.816667,1.0,0.706125
13.833333,1.0,0.69475
13.85,1.0,0.6825
13.866667,1.0,0.6695
13.883333,1.0,0.6575
13.9,1.0,0.64475
13.916667,1.0,0.63275
13.933333,1.0,0.62125
13.95,1.0,0.609875
13.966667,1.0,0.598625
13.983333,1.0,0.58875
14.0,1.0,0.579625
14.016667,1.0,0.5715
14.033333,1.0,0.564125
14.05,1.0,0.557
14.066667,1.0,0.551875
14.083333,1.0,0.547
14.1,1.0,0.543625
14.116667,1.0,0.541
14.133333,1.0,0.539875
14.15,1.0,0.540625
14.166667,1.0,0.54375
14.183333,1.0,0.548625
14.2,1.0,0.556375
14.216667,1.0,0.56675
14.233333,1.0,0.581625
14.25,1.0,0.600625
14.266667,1.0,0.625
14.283333,1.0,0.655125
14.3,1.0,0.691875
14.316667,1.0,0.73725
14.333333,1.0,0.791375
14.35,1.0,0.85725
14.366667,1.0,0.935875
14.383333,1.0,1.0275
14.4,1.0,1.136375
14.416667,1.0,1.262125
14.433333,1.0,1.407125
14.45,1.0,1.5735
14.466667,1.0,1.76425
14.483333,1.0,1.9825
14.5,1.0,2.2315
14.516667,1.0,2.515125
14.533333,1.0,2.838
14.55,1.0,3.2065
14.566667,1.0,3.63
14.583333,1.0,4.118375
14.6,1.0,4.68675
14.616667,1.0,5.355875
14.633333,1.0,6.151125
14.65,1.0,7.101875
14.666667,1.0,8.245375
14.683333,1.0,9.620625
14.7,1.0,11.267375
14.716667,1.0,13.223375
14.733333,1.0,15.521375
14.75,1.0,18.183375
14.766667,1.0,21.2115
14.783333,1.0,24.585375
14.8,1.0,28.264625
14.816667,1.0,32.182
14.833333,1.0,36.2435
14.85,1.0,40.332375
14.866667,1.0,44.313375
14.883333,1.0,48.044625
14.9,1.0,51.384625
14.916667,1.0,54.20975
14.933333,1.0,56.421
14.95,1.0,57.946125
14.966667,1.0,58.746125
14.983333,1.0,58.815625
15.0,1.0,58.183625
15.016667,1.0,56.902875
15.033333,1.0,55.04875
15.05,1.0,52.711625
15.066667,1.0,49.992375
15.083333,1.0,46.995125
15.1,1.0,43.81975
15.116667,1.0,40.555625
15.133333,1.0,37.28075
15.15,1.0,34.06125
15.166667,1.0,30.952125
15.183333,1.0,27.993625
15.2,1.0,25.211375
15.216667,1.0,22.621625
15.233333,1.0,20.233625
15.25,1.0,18.048625
15.266667,1.0,16.063625
15.283333,1.0,14.27325
15.3,1.0,12.66925
15.316667,1.0,11.23925
15.333333,1.0,9.97125
15.35,1.0,8.85125
15.366667,1.0,7.86775
15.383333,1.0,7.00625
15.4,1.0,6.253625
15.416667,1.0,5.5985
15.433333,1.0,5.029625
15.45,1.0,4.538375
15.466667,1.0,4.115
15.483333,1.0,3.750375
15.5,1.0,3.43925
15.516667,1.0,3.174
15.533333,1.0,2.948125
15.55,1.0,2.756375
15.566667,1.0,2.594125
15.583333,1.0,2.45725
15.6,1.0,2.340375
15.616667,1.0,2.2395
15.633333,1.0,2.150625
15.65,1.0,2.070375
15.666667,1.0,1.99725
15.683333,1.0,1.9295
15.7,1.0,1.865125
15.716667,1.0,1.8025
15.733333,1.0,1.74175
15.75,1.0,1.68225
15.766667,1.0,1.623875
15.783333,1.0,1.5665
15.8,1.0,1.51225
15.816667,1.0,1.459625
15.833333,1.0,1.408375
15.85,1.0,1.360125
15.866667,1.0,1.313125
15.883333,1.0,1.269875
15.9,1.0,1.229375
15.916667,1.0,1.1915
15.933333,1.0,1.156875
15.95,1.0,1.125125
15.966667,1.0,1.096
15.983333,1.0,1.070625
16.0,1.0,1.04725
16.016667,1.0,1.02775
16.033333,1.0,1.012125
16.05,1.0,0.999125
16.066667,1.0,0.9895
16.083333,1.0,0.98275
16.1,1.0,0.97925
16.116667,1.0,0.978125
16.133333,1.0,0.979
16.15,1.0,0.981375
16.166667,1.0,0.98525
16.183333,1.0,0.98875
16.2,1.0,0.99175
16.216667,1.0,0.994125
16.233333,1.0,0.995875
16.25,1.0,0.995125
16.266667,1.0,0.99375
16.283333,1.0,0.99025
16.3,1.0,0.98475
16.316667,1.0,0.97775
16.333333,1.0,0.96925
16.35,1.0,0.9605
16.366667,1.0,0.950375
16.383333,1.0,0.93925
16.4,1.0,0.928625
16.416667,1.0,0.918875
16.433333,1.0,0.90825
16.45,1.0,0.898625
16.466667,1.0,0.889625
16.483333,1.0,0.882625
16.5,1.0,0.876125
16.516667,1.0,0.871
16.533333,1.0,0.866
16.55,1.0,0.862
16.566667,1.0,0.85975
16.583333,1.0,0.85925
16.6,1.0,0.85875
16.616667,1.0,0.859
16.633333,1.0,0.860625
16.65,1.0,0.862375
16.666667,1.0,0.86475
16.683333,1.0,0.8685
16.7,1.0,0.8725
16.716667,1.0,0.876
16.733333,1.0,0.879
16.75,1.0,0.883
16.766667,1.0,0.886125
16.783333,1.0,0.88975
16.8,1.0,0.892125
16.816667,1.0,0.893875
16.833333,1.0,0.894375
16.85,1.0,0.893625
16.866667,1.0,0.892375
16.883333,1.0,0.889875
16.9,1.0,0.887
16.916667,1.0,0.884375
16.933333,1.0,0.88125
16.95,1.0,0.878875
16.966667,1.0,0.87625
16.983333,1.0,0.873625
17.0,1.0,0.87275
17.016667,1.0,0.872375
17.033333,1.0,0.872375
17.05,1.0,0.872625
17.066667,1.0,0.87375
17.083333,1.0,0.874375
17.1,1.0,0.874
17.116667,1.0,0.87325
17.133333,1.0,0.871625
17.15,1.0,0.869625
17.166667,1.0,0.86575
17.183333,1.0,0.8615
17.2,1.0,0.85675
17.216667,1.0,0.8505
17.233333,1.0,0.84375
17.25,1.0,0.83625
17.266667,1.0,0.827
17.283333,1.0,0.81825
17.3,1.0,0.808875
17.316667,1.0,0.800375
17.333333,1.0,0.791
17.35,1.0,0.782625
17.366667,1.0,0.774125
17.383333,1.0,0.765875
17.4,1.0,0.757875
17.416667,1.0,0.751375
17.433333,1.0,0.746375
17.45,1.0,0.741875
17.466667,1.0,0.738875
17.483333,1.0,0.737
17.5,1.0,0.736625
17.516667,1.0,0.736875
17.533333,1.0,0.739375
17.55,1.0,0.7435
17.566667,1.0,0.748625
17.583333,1.0,0.75525
17.6,1.0,0.763625
17.616667,1.0,0.772875
17.633333,1.0,0.783625
17.65,1.0,0.795
17.666667,1.0,0.807875
17.683333,1.0,0.821625
17.7,1.0,0.836625
17.716667,1.0,0.850875
17.733333,1.0,0.865375
17.75,1.0,0.879875
17.766667,1.0,0.894125
17.783333,1.0,0.90825
17.8,1.0,0.922375
17.816667,1.0,0.9345
17.833333,1.0,0.94675
17.85,1.0,0.956625
17.866667,1.0,0.96475
17.883333,1.0,0.971875
17.9,1.0,0.9765
17.916667,1.0,0.979
17.933333,1.0,0.97975
17.95,1.0,0.978875
17.966667,1.0,0.9755
17.983333,1.0,0.97025
18.0,1.0,0.963
18.016667,1.0,0.9545
18.033333,1.0,0.9445
18.05,1.0,0.932875
18.066667,1.0,0.920375
18.083333,1.0,0.90775
18.1,1.0,0.893625
18.116667,1.0,0.879875
18.133333,1.0,0.865375
18.15,1.0,0.850625
18.166667,1.0,0.83675
18.183333,1.0,0.822375
18.2,1.0,0.80875
18.216667,1.0,0.795125
18.233333,1.0,0.782875
18.25,1.0,0.7705
18.266667,1.0,0.75875
18.283333,1.0,0.749
18.3,1.0,0.739875
18.316667,1.0,0.73075
18.333333,1.0,0.72325
18.35,1.0,0.716625
18.366667,1.0,0.71075
18.383333,1.0,0.706
18.4,1.0,0.701625
18.416667,1.0,0.698125
18.433333,1.0,0.6945
18.45,1.0,0.691625
18.466667,1.0,0.688875
18.483333,1.0,0.687125
18.5,1.0,0.685375
18.516667,1.0,0.6845
18.533333,1.0,0.683625
18.55,1.0,0.683875
18.566667,1.0,0.685
18.583333,1.0,0.685875
18.6,1.0,0.6875
18.616667,1.0,0.690375
18.633333,1.0,0.69275
18.65,1.0,0.695375
18.666667,1.0,0.698625
18.683333,1.0,0.703
18.7,1.0,0.707875
18.716667,1.0,0.713375
18.733333,1.0,0.719375
18.75,1.0,0.726375
18.766667,1.0,0.73375
18.783333,1.0,0.7415
18.8,1.0,0.75
18.816667,1.0,0.759125
18.833333,1.0,0.769
18.85,1.0,0.780375
18.866667,1.0,0.79125
18.883333,1.0,0.804125
18.9,1.0,0.81775
18.916667,1.0,0.833875
18.933333,1.0,0.8515
18.95,1.0,0.871375
18.966667,1.0,0.8935
18.983333,1.0,0.918375
19.0,1.0,0.9455
19.016667,1.0,0.974875
19.033333,1.0,1.007
19.05,1.0,1.042625
19.066667,1.0,1.080375
19.083333,1.0,1.119125
19.1,1.0,1.160375
19.116667,1.0,1.202
19.133333,1.0,1.243125
19.15,1.0,1.283625
19.166667,1.0,1.32225
19.183333,1.0,1.357875
19.2,1.0,1.39075
19.216667,1.0,1.419625
19.233333,1.0,1.443125
19.25,1.0,1.460625
19.266667,1.0,1.471875
19.283333,1.0,1.47725
19.3,1.0,1.476375
19.316667,1.0,1.46875
19.333333,1.0,1.4555
19.35,1.0,1.43575
19.366667,1.0,1.41075
19.383333,1.0,1.381875
19.4,1.0,1.34825
19.416667,1.0,1.3115
19.433333,1.0,1.27175
19.45,1.0,1.23
19.466667,1.0,1.18725
19.483333,1.0,1.143875
19.5,1.0,1.100375
19.516667,1.0,1.057875
19.533333,1.0,1.0165
19.55,1.0,0.977
19.566667,1.0,0.939
19.583333,1.0,0.903625
19.6,1.0,0.871125
19.616667,1.0,0.8405
19.633333,1.0,0.8135
19.65,1.0,0.78925
19.666667,1.0,0.7695
19.683333,1.0,0.753375
19.7,1.0,0.740875
19.716667,1.0,0.73125
19.733333,1.0,0.72625
19.75,1.0,0.7255
19.766667,1.0,0.728125
19.783333,1.0,0.7345
19.8,1.0,0.743875
19.816667,1.0,0.75575
19.833333,1.0,0.771125
19.85,1.0,0.789
19.866667,1.0,0.809
19.883333,1.0,0.830375
19.9,1.0,0.854125
19.916667,1.0,0.87725
19.933333,1.0,0.9015
19.95,1.0,0.925375
19.966667,1.0,0.948875
19.983333,1.0,0.97075
20.0,1.0,0.991
20.016667,1.0,1.0105
20.033333,1.0,1.029
20.05,1.0,1.046875
20.066667,1.0,1.064375
20.083333,1.0,1.080375
20.1,1.0,1.0965
20.116667,1.0,1.114
20.133333,1.0,1.13275
20.15,1.0,1.153375
20.166667,1.0,1.176125
20.183333,1.0,1.203625
20.2,1.0,1.234875
20.216667,1.0,1.27175
20.233333,1.0,1.314
20.25,1.0,1.363125
20.266667,1.0,1.41875
20.283333,1.0,1.48175
20.3,1.0,1.55075
20.316667,1.0,1.627
20.333333,1.0,1.708625
20.35,1.0,1.794625
20.366667,1.0,1.884
20.383333,1.0,1.974125
20.4,1.0,2.06375
20.416667,1.0,2.15
20.433333,1.0,2.231125
20.45,1.0,2.3035
20.466667,1.0,2.367125
20.483333,1.0,2.417625
20.5,1.0,2.45525
20.516667,1.0,2.4795
20.533333,1.0,2.48925
20.55,1.0,2.485125
20.566667,1.0,2.466625
20.583333,1.0,2.436375
20.6,1.0,2.394875
20.616667,1.0,2.34425
20.633333,1.0,2.28625
20.65,1.0,2.22325
20.666667,1.0,2.157125
20.683333,1.0,2.09025
20.7,1.0,2.02525
20.716667,1.0,1.964
20.733333,1.0,1.90775
20.75,1.0,1.85825
20.766667,1.0,1.816
20.783333,1.0,1.78125
20.8,1.0,1.754625
20.816667,1.0,1.73525
20.833333,1.0,1.72225
20.85,1.0,1.71625
20.866667,1.0,1.714375
20.883333,1.0,1.71575
20.9,1.0,1.719
20.916667,1.0,1.72125
20.933333,1.0,1.721375
20.95,1.0,1.71775
20.966667,1.0,1.709875
20.983333,1.0,1.696125
21.0,1.0,1.67525
21.016667,1.0,1.64825
21.033333,1.0,1.614
21.05,1.0,1.57375
21.066667,1.0,1.527875
21.083333,1.0,1.47675
21.1,1.0,1.42125
21.116667,1.0,1.363125
21.133333,1.0,1.30225
21.15,1.0,1.240125
21.166667,1.0,1.17825
21.183333,1.0,1.1165
21.2,1.0,1.05625
21.216667,1.0,0.99775
21.233333,1.0,0.94275
21.25,1.0,0.89
21.266667,1.0,0.8405
21.283333,1.0,0.79475
21.3,1.0,0.752
21.316667,1.0,0.7125
21.333333,1.0,0.676625
21.35,1.0,0.643375
21.366667,1.0,0.61375
21.383333,1.0,0.588125
21.4,1.0,0.56425
21.416667,1.0,0.542125
21.433333,1.0,0.522625
21.45,1.0,0.50575
21.466667,1.0,0.491125
21.483333,1.0,0.478
21.5,1.0,0.465875
21.516667,1.0,0.456
21.533333,1.0,0.44625
21.55,1.0,0.437875
21.566667,1.0,0.4305
21.583333,1.0,0.42375
21.6,1.0,0.41625
21.616667,1.0,0.410375
21.633333,1.0,0.40525
21.65,1.0,0.40075
21.666667,1.0,0.39725
21.683333,1.0,0.39375
21.7,1.0,0.390375
21.716667,1.0,0.388
21.733333,1.0,0.385875
21.75,1.0,0.384
21.766667,1.0,0.38325
21.783333,1.0,0.38225
21.8,1.0,0.381875
21.816667,1.0,0.383
21.833333,1.0,0.384625
21.85,1.0,0.387
21.866667,1.0,0.389625
21.883333,1.0,0.39175
21.9,1.0,0.39575
21.916667,1.0,0.40025
21.933333,1.0,0.404625
21.95,1.0,0.40875
21.966667,1.0,0.413125
21.983333,1.0,0.4165
22.0,1.0,0.41975
22.016667,1.0,0.422625
22.033333,1.0,0.425875
22.05,1.0,0.428375
22.066667,1.0,0.42925
22.083333,1.0,0.429875
22.1,1.0,0.429875
22.116667,1.0,0.429375
22.133333,1.0,0.428375
22.15,1.0,0.42675
22.166667,1.0,0.42475
22.183333,1.0,0.422125
22.2,1.0,0.4195
22.216667,1.0,0.41725
22.233333,1.0,0.415125
22.25,1.0,0.412375
22.266667,1.0,0.411125
22.283333,1.0,0.410375
22.3,1.0,0.409875
22.316667,1.0,0.409625
22.333333,1.0,0.41
22.35,1.0,0.411375
22.366667,1.0,0.41325
22.383333,1.0,0.415375
22.4,1.0,0.417625
22.416667,1.0,0.420625
22.433333,1.0,0.424875
22.45,1.0,0.429125
22.466667,1.0,0.434125
22.483333,1.0,0.439125
22.5,1.0,0.444125
22.516667,1.0,0.44925
22.533333,1.0,0.454125
22.55,1.0,0.459125
22.566667,1.0,0.464
22.583333,1.0,0.468625
22.6,1.0,0.472875
22.616667,1.0,0.47725
22.633333,1.0,0.48125
22.65,1.0,0.484375
22.666667,1.0,0.48775
22.683333,1.0,0.490125
22.7,1.0,0.49275
22.716667,1.0,0.493875
22.733333,1.0,0.49475
22.75,1.0,0.494625
22.766667,1.0,0.493625
22.783333,1.0,0.492375
22.8,1.0,0.4895
22.816667,1.0,0.48575
22.833333,1.0,0.4825
22.85,1.0,0.4785
22.866667,1.0,0.474
22.883333,1.0,0.46875
22.9,1.0,0.464375
22.916667,1.0,0.45925
22.933333,1.0,0.45425
22.95,1.0,0.4495
22.966667,1.0,0.444
22.983333,1.0,0.4395
23.0,1.0,0.435
23.016667,1.0,0.430875
23.033333,1.0,0.42825
23.05,1.0,0.425625
23.066667,1.0,0.424625
23.083333,1.0,0.424
23.1,1.0,0.4235
23.116667,1.0,0.425375
23.133333,1.0,0.428
23.15,1.0,0.4315
23.166667,1.0,0.43625
23.183333,1.0,0.44325
23.2,1.0,0.45175
23.216667,1.0,0.46225
23.233333,1.0,0.473875
23.25,1.0,0.48725
23.266667,1.0,0.503
23.283333,1.0,0.519875
23.3,1.0,0.53975
23.316667,1.0,0.561375
23.333333,1.0,0.585625
23.35,1.0,0.613
23.366667,1.0,0.64275
23.383333,1.0,0.67575
23.4,1.0,0.7125
23.416667,1.0,0.752625
23.433333,1.0,0.7985
23.45,1.0,0.848
23.466667,1.0,0.902875
23.483333,1.0,0.96425
23.5,1.0,1.033375
23.516667,1.0,1.111
23.533333,1.0,1.196875
23.55,1.0,1.29375
23.566667,1.0,1.402125
23.583333,1.0,1.523625
23.6,1.0,1.657875
23.616667,1.0,1.807125
23.633333,1.0,1.9715
23.65,1.0,2.152375
23.666667,1.0,2.34925
23.683333,1.0,2.562
23.7,1.0,2.789
23.716667,1.0,3.02825
23.733333,1.0,3.278
23.75,1.0,3.536125
23.766667,1.0,3.79825
23.783333,1.0,4.061125
23.8,1.0,4.3205
23.816667,1.0,4.57075
23.833333,1.0,4.80775
23.85,1.0,5.02575
23.866667,1.0,5.221125
23.883333,1.0,5.39
23.9,1.0,5.529625
23.916667,1.0,5.635
23.933333,1.0,5.70575
23.95,1.0,5.739625
23.966667,1.0,5.7375
23.983333,1.0,5.69975
24.0,1.0,5.628
24.016667,1.0,5.523375
24.033333,1.0,5.38925
24.05,1.0,5.228
24.066667,1.0,5.044375
24.083333,1.0,4.842375
24.1,1.0,4.625875
24.116667,1.0,4.399625
24.133333,1.0,4.164875
24.15,1.0,3.928
24.166667,1.0,3.6905
24.183333,1.0,3.457
24.2,1.0,3.2285
24.216667,1.0,3.00775
24.233333,1.0,2.797
24.25,1.0,2.597375
24.266667,1.0,2.409625
24.283333,1.0,2.23475
24.3,1.0,2.071625
24.316667,1.0,1.92175
24.333333,1.0,1.785625
24.35,1.0,1.661625
24.366667,1.0,1.548
24.383333,1.0,1.445
24.4,1.0,1.351
24.416667,1.0,1.267375
24.433333,1.0,1.192375
24.45,1.0,1.124875
24.466667,1.0,1.06525
24.483333,1.0,1.011125
24.5,1.0,0.962625
24.516667,1.0,0.918625
24.533333,1.0,0.87875
24.55,1.0,0.841625
24.566667,1.0,0.807
24.583333,1.0,0.775125
24.6,1.0,0.745625
24.616667,1.0,0.718625
24.633333,1.0,0.692
24.65,1.0,0.66725
24.666667,1.0,0.642875
24.683333,1.0,0.619875
24.7,1.0,0.596
24.716667,1.0,0.572875
24.733333,1.0,0.55
24.75,1.0,0.528625
24.766667,1.0,0.50675
24.783333,1.0,0.486
24.8,1.0,0.465875
24.816667,1.0,0.446875
24.833333,1.0,0.4285
24.85,1.0,0.411
24.866667,1.0,0.39475
24.883333,1.0,0.38
24.9,1.0,0.364875
24.916667,1.0,0.350875
24.933333,1.0,0.3375
24.95,1.0,0.32475
24.966667,1.0,0.31275
24.983333,1.0,0.3025
25.0,1.0,0.29225
25.016667,1.0,0.2825
25.033333,1.0,0.274375
25.05,1.0,0.266875
25.066667,1.0,0.26
25.083333,1.0,0.25475
25.1,1.0,0.249375
25.116667,1.0,0.245375
25.133333,1.0,0.242
25.15,1.0,0.23925
25.166667,1.0,0.23725
25.183333,1.0,0.235625
25.2,1.0,0.235
25.216667,1.0,0.23475
25.233333,1.0,0.235125
25.25,1.0,0.236625
25.266667,1.0,0.238125
25.283333,1.0,0.24
25.3,1.0,0.241375
25.316667,1.0,0.244
25.333333,1.0,0.2465
25.35,1.0,0.248875
25.366667,1.0,0.251
25.383333,1.0,0.25325
25.4,1.0,0.25575
25.416667,1.0,0.2585
25.433333,1.0,0.261375
25.45,1.0,0.264
25.466667,1.0,0.2665
25.483333,1.0,0.26875
25.5,1.0,0.270875
25.516667,1.0,0.272875
25.533333,1.0,0.2745
25.55,1.0,0.275875
25.566667,1.0,0.27725
25.583333,1.0,0.278625
25.6,1.0,0.2795
25.616667,1.0,0.28075
25.633333,1.0,0.28075
25.65,1.0,0.2815
25.666667,1.0,0.28275
25.683333,1.0,0.28325
25.7,1.0,0.283625
25.716667,1.0,0.283375
25.733333,1.0,0.28325
25.75,1.0,0.282375
25.766667,1.0,0.2815
25.783333,1.0,0.2805
25.8,1.0,0.279
25.816667,1.0,0.277875
25.833333,1.0,0.276125
25.85,1.0,0.274125
25.866667,1.0,0.27225
25.883333,1.0,0.269875
25.9,1.0,0.26725
25.916667,1.0,0.263625
25.933333,1.0,0.2605
25.95,1.0,0.256125
25.966667,1.0,0.251625
25.983333,1.0,0.247125
26.0,1.0,0.2425
26.016667,1.0,0.23725
26.033333,1.0,0.23175
26.05,1.0,0.226375
26.066667,1.0,0.221625
26.083333,1.0,0.21625
26.1,1.0,0.210875
26.116667,1.0,0.2055
26.133333,1.0,0.2005
26.15,1.0,0.195625
26.166667,1.0,0.191
26.183333,1.0,0.18725
26.2,1.0,0.183125
26.216667,1.0,0.17975
26.233333,1.0,0.17775
26.25,1.0,0.17575
26.266667,1.0,0.17425
26.283333,1.0,0.173375
26.3,1.0,0.172375
26.316667,1.0,0.171625
26.333333,1.0,0.172
26.35,1.0,0.1725
26.366667,1.0,0.173625
26.383333,1.0,0.175125
26.4,1.0,0.177875
26.416667,1.0,0.1805
26.433333,1.0,0.1825
26.45,1.0,0.185
26.466667,1.0,0.187
26.483333,1.0,0.18925
26.5,1.0,0.191
26.516667,1.0,0.1925
26.533333,1.0,0.194375
26.55,1.0,0.196
26.566667,1.0,0.197
26.583333,1.0,0.198
26.6,1.0,0.199125
26.616667,1.0,0.200125
26.633333,1.0,0.201
26.65,1.0,0.2015
26.666667,1.0,0.20175
26.683333,1.0,0.201375
26.7,1.0,0.20075
26.716667,1.0,0.199625
26.733333,1.0,0.199
26.75,1.0,0.198625
26.766667,1.0,0.198625
26.783333,1.0,0.197875
26.8,1.0,0.198
26.816667,1.0,0.198125
26.833333,1.0,0.199375
26.85,1.0,0.200375
26.866667,1.0,0.202
26.883333,1.0,0.20375
26.9,1.0,0.205
26.916667,1.0,0.206875
26.933333,1.0,0.208875
26.95,1.0,0.2125
26.966667,1.0,0.215875
26.983333,1.0,0.2195
27.0,1.0,0.223625
27.016667,1.0,0.228
27.033333,1.0,0.23275
27.05,1.0,0.238625
27.066667,1.0,0.24425
27.083333,1.0,0.25125
27.1,1.0,0.25825
27.116667,1.0,0.266125
27.133333,1.0,0.274625
27.15,1.0,0.284375
27.166667,1.0,0.294125
27.183333,1.0,0.304125
27.2,1.0,0.314875
27.216667,1.0,0.3265
27.233333,1.0,0.339375
27.25,1.0,0.352875
27.266667,1.0,0.366875
27.283333,1.0,0.381875
27.3,1.0,0.39775
27.316667,1.0,0.413875
27.333333,1.0,0.43125
27.35,1.0,0.449625
27.366667,1.0,0.469625
27.383333,1.0,0.48975
27.4,1.0,0.51175
27.416667,1.0,0.53525
27.433333,1.0,0.5605
27.45,1.0,0.587625
27.466667,1.0,0.6175
27.483333,1.0,0.6495
27.5,1.0,0.684875
27.516667,1.0,0.723375
27.533333,1.0,0.766
27.55,1.0,0.81225
27.566667,1.0,0.863875
27.583333,1.0,0.92
27.6,1.0,0.981625
27.616667,1.0,1.050125
27.633333,1.0,1.12425
27.65,1.0,1.204875
27.666667,1.0,1.291875
27.683333,1.0,1.38625
27.7,1.0,1.48675
27.716667,1.0,1.594125
27.733333,1.0,1.707875
27.75,1.0,1.827
27.766667,1.0,1.951125
27.783333,1.0,2.07875
27.8,1.0,2.2095
27.816667,1.0,2.341875
27.833333,1.0,2.47375
27.85,1.0,2.604
27.866667,1.0,2.730625
27.883333,1.0,2.852625
27.9,1.0,2.968375
27.916667,1.0,3.07575
27.933333,1.0,3.17175
27.95,1.0,3.256375
27.966667,1.0,3.327625
27.983333,1.0,3.38325
28.0,1.0,3.4235
28.016667,1.0,3.447125
28.033333,1.0,3.4535
28.05,1.0,3.443375
28.066667,1.0,3.41525
28.083333,1.0,3.370625
28.1,1.0,3.309125
28.116667,1.0,3.232625
28.133333,1.0,3.1425
28.15,1.0,3.03975
28.166667,1.0,2.925
28.183333,1.0,2.802375
28.2,1.0,2.672625
28.216667,1.0,2.536875
28.233333,1.0,2.39675
28.25,1.0,2.253625
28.266667,1.0,2.1095
28.283333,1.0,1.96575
28.3,1.0,1.8245
28.316667,1.0,1.68625
28.333333,1.0,1.55225
28.35,1.0,1.42375
28.366667,1.0,1.300875
28.383333,1.0,1.1845
28.4,1.0,1.074875
28.416667,1.0,0.971375
28.433333,1.0,0.874125
28.45,1.0,0.78225
28.466667,1.0,0.696375
28.483333,1.0,0.6165
28.5,1.0,0.54175
28.516667,1.0,0.472125
28.533333,1.0,0.406625
28.55,1.0,0.345125
28.566667,1.0,0.287375
28.583333,1.0,0.23325
28.6,1.0,0.181375
28.616667,1.0,0.132125
28.633333,1.0,0.085375
28.65,1.0,0.039875
28.666667,1.0,-0.0035
28.683333,1.0,-0.0455
28.7,1.0,-0.086125
28.716667,1.0,-0.124625
28.733333,1.0,-0.16175
28.75,1.0,-0.1975
28.766667,1.0,-0.231375
28.783333,1.0,-0.26375
28.8,1.0,-0.293625
28.816667,1.0,-0.32175
28.833333,1.0,-0.34775
28.85,1.0,-0.37175
28.866667,1.0,-0.39375
28.883333,1.0,-0.412625
28.9,1.0,-0.429125
28.916667,1.0,-0.44275
28.933333,1.0,-0.453375
28.95,1.0,-0.460625
28.966667,1.0,-0.464875
28.983333,1.0,-0.46575
29.0,1.0,-0.464
29.016667,1.0,-0.45825
29.033333,1.0,-0.44975
29.05,1.0,-0.4385
29.066667,1.0,-0.425125
29.083333,1.0,-0.408625
29.1,1.0,-0.390125
29.116667,1.0,-0.369
29.133333,1.0,-0.345375
29.15,1.0,-0.320125
29.166667,1.0,-0.29325
29.183333,1.0,-0.2645
29.2,1.0,-0.235375
29.216667,1.0,-0.20475
29.233333,1.0,-0.17375
29.25,1.0,-0.14175
29.266667,1.0,-0.109625
29.283333,1.0,-0.077
29.3,1.0,-0.045
29.316667,1.0,-0.01325
29.333333,1.0,0.017875
29.35,1.0,0.048875
29.366667,1.0,0.079625
29.383333,1.0,0.109375
29.4,1.0,0.13825
29.416667,1.0,0.16625
29.433333,1.0,0.19325
29.45,1.0,0.219
29.466667,1.0,0.242875
29.483333,1.0,0.265625
29.5,1.0,0.2875
29.516667,1.0,0.3075
29.533333,1.0,0.32675
29.55,1.0,0.34475
29.566667,1.0,0.360875
29.583333,1.0,0.375125
29.6,1.0,0.38825
29.616667,1.0,0.4005
29.633333,1.0,0.411875
29.65,1.0,0.42125
29.666667,1.0,0.428875
29.683333,1.0,0.435625
29.7,1.0,0.440625
29.716667,1.0,0.444875
29.733333,1.0,0.448
29.75,1.0,0.45125
29.766667,1.0,0.452125
29.783333,1.0,0.45175
29.8,1.0,0.450625
29.816667,1.0,0.4495
29.833333,1.0,0.44775
29.85,1.0,0.44525
29.866667,1.0,0.442
29.883333,1.0,0.43825
29.9,1.0,0.434375
29.916667,1.0,0.4295
29.933333,1.0,0.4245
29.95,1.0,0.419875
29.966667,1.0,0.414875
29.983333,1.0,0.41075
30.0,1.0,0.40625
30.016667,1.0,0.402
30.033333,1.0,0.3975
30.05,1.0,0.3925
30.066667,1.0,0.388125
30.083333,1.0,0.3835
30.1,1.0,0.378625
30.116667,1.0,0.37375
30.133333,1.0,0.37
30.15,1.0,0.366625
30.166667,1.0,0.363
30.183333,1.0,0.35925
30.2,1.0,0.356375
30.216667,1.0,0.35225
30.233333,1.0,0.349
30.25,1.0,0.345625
30.266667,1.0,0.3425
30.283333,1.0,0.33925
30.3,1.0,0.336125
30.316667,1.0,0.333875
30.333333,1.0,0.33175
30.35,1.0,0.329625
30.366667,1.0,0.327875
30.383333,1.0,0.3265
30.4,1.0,0.3255
30.416667,1.0,0.32525
30.433333,1.0,0.325125
30.45,1.0,0.32475
30.466667,1.0,0.324625
30.483333,1.0,0.325125
30.5,1.0,0.326875
30.516667,1.0,0.329625
30.533333,1.0,0.332125
30.55,1.0,0.335
30.566667,1.0,0.33825
30.583333,1.0,0.342125
30.6,1.0,0.34675
30.616667,1.0,0.351125
30.633333,1.0,0.35475
30.65,1.0,0.36025
30.666667,1.0,0.36575
30.683333,1.0,0.372
30.7,1.0,0.377625
30.716667,1.0,0.38225
30.733333,1.0,0.387125
30.75,1.0,0.39125
30.766667,1.0,0.395375
30.783333,1.0,0.398625
30.8,1.0,0.40175
30.816667,1.0,0.404875
30.833333,1.0,0.406
30.85,1.0,0.40625
30.866667,1.0,0.406625
30.883333,1.0,0.40575
30.9,1.0,0.404
30.916667,1.0,0.401375
30.933333,1.0,0.3985
30.95,1.0,0.39375
30.966667,1.0,0.388875
30.983333,1.0,0.383
31.0,1.0,0.376
31.016667,1.0,0.368625
31.033333,1.0,0.36075
31.05,1.0,0.352
31.066667,1.0,0.342875
31.083333,1.0,0.33375
31.1,1.0,0.3245
31.116667,1.0,0.315125
31.133333,1.0,0.3055
31.15,1.0,0.295875
31.166667,1.0,0.28625
31.183333,1.0,0.276875
31.2,1.0,0.26725
31.216667,1.0,0.259625
31.233333,1.0,0.252125
31.25,1.0,0.2445
31.266667,1.0,0.237
31.283333,1.0,0.23
31.3,1.0,0.223375
31.316667,1.0,0.217125
31.333333,1.0,0.21225
31.35,1.0,0.208375
31.366667,1.0,0.203
31.383333,1.0,0.198875
31.4,1.0,0.19575
31.416667,1.0,0.192375
31.433333,1.0,0.189125
31.45,1.0,0.18675
31.466667,1.0,0.185
31.483333,1.0,0.183375
31.5,1.0,0.18225
31.516667,1.0,0.18175
31.533333,1.0,0.181375
31.55,1.0,0.182
31.566667,1.0,0.182125
31.583333,1.0,0.182875
31.6,1.0,0.183875
31.616667,1.0,0.18475
31.633333,1.0,0.185625
31.65,1.0,0.187
31.666667,1.0,0.18875
31.683333,1.0,0.191
31.7,1.0,0.193625
31.716667,1.0,0.1955
31.733333,1.0,0.198125
31.75,1.0,0.200875
31.766667,1.0,0.203375
31.783333,1.0,0.20675
31.8,1.0,0.209625
31.816667,1.0,0.213
31.833333,1.0,0.216375
31.85,1.0,0.22075
31.866667,1.0,0.2245
31.883333,1.0,0.22825
31.9,1.0,0.231625
31.916667,1.0,0.235625
31.933333,1.0,0.238875
31.95,1.0,0.242125
31.966667,1.0,0.24575
31.983333,1.0,0.248625
32.0,1.0,0.250375
32.016667,1.0,0.253375
32.033333,1.0,0.255375
32.05,1.0,0.256625
32.066667,1.0,0.257125
32.083333,1.0,0.25725
32.1,1.0,0.257125
32.116667,1.0,0.25625
32.133333,1.0,0.254625
32.15,1.0,0.252875
32.166667,1.0,0.250875
32.183333,1.0,0.2475
32.2,1.0,0.244375
32.216667,1.0,0.240125
32.233333,1.0,0.235375
32.25,1.0,0.230125
32.266667,1.0,0.22425
32.283333,1.0,0.219375
32.3,1.0,0.213
32.316667,1.0,0.207375
32.333333,1.0,0.20125
32.35,1.0,0.195375
32.366667,1.0,0.18875
32.383333,1.0,0.181625
32.4,1.0,0.174875
32.416667,1.0,0.167875
32.433333,1.0,0.161625
32.45,1.0,0.155
32.466667,1.0,0.148125
32.483333,1.0,0.14225
32.5,1.0,0.1355
32.516667,1.0,0.13
32.533333,1.0,0.1235
32.55,1.0,0.117625
32.566667,1.0,0.112875
32.583333,1.0,0.108125
32.6,1.0,0.103
32.616667,1.0,0.09775
32.633333,1.0,0.09275
32.65,1.0,0.08825
32.666667,1.0,0.083875
32.683333,1.0,0.079625
32.7,1.0,0.075375
32.716667,1.0,0.071625
32.733333,1.0,0.06775
32.75,1.0,0.0645
32.766667,1.0,0.061625
32.783333,1.0,0.058875
32.8,1.0,0.0555
32.816667,1.0,0.052125
32.833333,1.0,0.049375
32.85,1.0,0.046875
32.866667,1.0,0.0445
32.883333,1.0,0.042375
32.9,1.0,0.0395
32.916667,1.0,0.037375
32.933333,1.0,0.035
32.95,1.0,0.032875
32.966667,1.0,0.030875
32.983333,1.0,0.0295
33.0,1.0,0.0275
33.016667,1.0,0.02525
33.033333,1.0,0.024
33.05,1.0,0.02225
33.066667,1.0,0.020875
33.083333,1.0,0.019375
33.1,1.0,0.0185
33.116667,1.0,0.017625
33.133333,1.0,0.01675
33.15,1.0,0.0165
33.166667,1.0,0.01525
33.183333,1.0,0.015375
33.2,1.0,0.01475
33.216667,1.0,0.014875
33.233333,1.0,0.01425
33.25,1.0,0.013875
33.266667,1.0,0.013625
33.283333,1.0,0.014625
33.3,1.0,0.014875
33.316667,1.0,0.01425
33.333333,1.0,0.013625
33.35,1.0,0.013875
33.366667,1.0,0.0145
33.383333,1.0,0.01425
33.4,1.0,0.013625
33.416667,1.0,0.01375
33.433333,1.0,0.014
33.45,1.0,0.014
33.466667,1.0,0.013875
33.483333,1.0,0.01325
33.5,1.0,0.013625
33.516667,1.0,0.01425
33.533333,1.0,0.014
33.55,1.0,0.014625
33.566667,1.0,0.01425
33.583333,1.0,0.013375
33.6,1.0,0.0125
33.616667,1.0,0.011625
33.633333,1.0,0.01175
33.65,1.0,0.0115
33.666667,1.0,0.011
33.683333,1.0,0.010375
33.7,1.0,0.0105
33.716667,1.0,0.010375
33.733333,1.0,0.009625
33.75,1.0,0.008875
33.766667,1.0,0.008875
33.783333,1.0,0.00875
33.8,1.0,0.00825
33.816667,1.0,0.008
33.833333,1.0,0.007875
33.85,1.0,0.008
33.866667,1.0,0.00825
33.883333,1.0,0.008125
33.9,1.0,0.008625
33.916667,1.0,0.009
33.933333,1.0,0.009125
33.95,1.0,0.00925
33.966667,1.0,0.010625
33.983333,1.0,0.012625
34.0,1.0,0.01425
34.016667,1.0,0.01475
34.033333,1.0,0.01475
34.05,1.0,0.015
34.066667,1.0,0.015875
34.083333,1.0,0.016625
34.1,1.0,0.01725
34.116667,1.0,0.019
34.133333,1.0,0.020875
34.15,1.0,0.0225
34.166667,1.0,0.02375
34.183333,1.0,0.025375
34.2,1.0,0.026625
34.216667,1.0,0.028625
34.233333,1.0,0.030375
34.25,1.0,0.031875
34.266667,1.0,0.033375
34.283333,1.0,0.034
34.3,1.0,0.03475
34.316667,1.0,0.036
34.333333,1.0,0.037875
34.35,1.0,0.039375
34.366667,1.0,0.041625
34.383333,1.0,0.042875
34.4,1.0,0.043375
34.416667,1.0,0.043125
34.433333,1.0,0.04375
34.45,1.0,0.044625
34.466667,1.0,0.045625
34.483333,1.0,0.045625
34.5,1.0,0.046625
34.516667,1.0,0.047625
34.533333,1.0,0.048125
34.55,1.0,0.049
34.566667,1.0,0.04975
34.583333,1.0,0.050625
34.6,1.0,0.051125
34.616667,1.0,0.0515
34.633333,1.0,0.052125
34.65,1.0,0.052375
34.666667,1.0,0.052875
34.683333,1.0,0.05425
34.7,1.0,0.055
34.716667,1.0,0.0555
34.733333,1.0,0.056125
34.75,1.0,0.05625
34.766667,1.0,0.05675
34.783333,1.0,0.0575
34.8,1.0,0.058625
34.816667,1.0,0.059875
34.833333,1.0,0.060625
34.85,1.0,0.062
34.866667,1.0,0.06375
34.883333,1.0,0.065125
34.9,1.0,0.067
34.916667,1.0,0.069
34.933333,1.0,0.071125
34.95,1.0,0.074
34.966667,1.0,0.076125
34.983333,1.0,0.077625
35.0,1.0,0.08025
35.016667,1.0,0.0825
35.033333,1.0,0.08525
35.05,1.0,0.0875
35.066667,1.0,0.09075
35.083333,1.0,0.094
35.1,1.0,0.097875
35.116667,1.0,0.101
35.133333,1.0,0.104375
35.15,1.0,0.107125
35.166667,1.0,0.110125
35.183333,1.0,0.113375
35.2,1.0,0.11675
35.216667,1.0,0.120125
35.233333,1.0,0.12425
35.25,1.0,0.127375
35.266667,1.0,0.130375
35.283333,1.0,0.133875
35.3,1.0,0.13775
35.316667,1.0,0.140625
35.333333,1.0,0.1435
35.35,1.0,0.147
35.366667,1.0,0.149125
35.383333,1.0,0.1515
35.4,1.0,0.1535
35.416667,1.0,0.156625
35.433333,1.0,0.159
35.45,1.0,0.161
35.466667,1.0,0.162125
35.483333,1.0,0.163625
35.5,1.0,0.165
35.516667,1.0,0.16625
35.533333,1.0,0.167
35.55,1.0,0.168125
35.566667,1.0,0.168375
35.583333,1.0,0.168
35.6,1.0,0.1675
35.616667,1.0,0.167625
35.633333,1.0,0.1675
35.65,1.0,0.1675
35.666667,1.0,0.167
35.683333,1.0,0.166875
35.7,1.0,0.166625
35.716667,1.0,0.16575
35.733333,1.0,0.1655
35.75,1.0,0.16425
35.766667,1.0,0.163
35.783333,1.0,0.16175
35.8,1.0,0.160625
35.816667,1.0,0.15925
35.833333,1.0,0.1585
35.85,1.0,0.15725
35.866667,1.0,0.155875
35.883333,1.0,0.155
35.9,1.0,0.153625
35.916667,1.0,0.152875
35.933333,1.0,0.15175
35.95,1.0,0.15125
35.966667,1.0,0.15025
35.983333,1.0,0.150125
36.0,1.0,0.15
36.016667,1.0,0.14925
36.033333,1.0,0.148125
36.05,1.0,0.1475
36.066667,1.0,0.147
36.083333,1.0,0.146125
36.1,1.0,0.144625
36.116667,1.0,0.14325
36.133333,1.0,0.142875
36.15,1.0,0.142625
36.166667,1.0,0.142
36.183333,1.0,0.1415
36.2,1.0,0.1405
36.216667,1.0,0.14
36.233333,1.0,0.139125
36.25,1.0,0.13825
36.266667,1.0,0.137
36.283333,1.0,0.135625
36.3,1.0,0.134875
36.316667,1.0,0.134
36.333333,1.0,0.132125
36.35,1.0,0.131375
36.366667,1.0,0.130375
36.383333,1.0,0.128875
36.4,1.0,0.12775
36.416667,1.0,0.1265
36.433333,1.0,0.1255
36.45,1.0,0.123375
36.466667,1.0,0.12225
36.483333,1.0,0.121
36.5,1.0,0.12
36.516667,1.0,0.119125
36.533333,1.0,0.117875
36.55,1.0,0.116
36.566667,1.0,0.11475
36.583333,1.0,0.11325
36.6,1.0,0.11175
36.616667,1.0,0.109875
36.633333,1.0,0.1085
36.65,1.0,0.106625
36.666667,1.0,0.105375
36.683333,1.0,0.1035
36.7,1.0,0.101625
36.716667,1.0,0.10025
36.733333,1.0,0.099
36.75,1.0,0.096875
36.766667,1.0,0.09425
36.783333,1.0,0.092125
36.8,1.0,0.09
36.816667,1.0,0.088
36.833333,1.0,0.08575
36.85,1.0,0.08375
36.866667,1.0,0.08125
36.883333,1.0,0.07875
36.9,1.0,0.076125
36.916667,1.0,0.073625
36.933333,1.0,0.07125
36.95,1.0,0.06875
36.966667,1.0,0.066375
36.983333,1.0,0.06375
37.0,1.0,0.06175
37.016667,1.0,0.058875
37.033333,1.0,0.055875
37.05,1.0,0.05325
37.066667,1.0,0.05075
37.083333,1.0,0.0485
37.1,1.0,0.046125
37.116667,1.0,0.044125
37.133333,1.0,0.041625
37.15,1.0,0.0385
37.166667,1.0,0.036375
37.183333,1.0,0.0345
37.2,1.0,0.0325
37.216667,1.0,0.03025
37.233333,1.0,0.028
37.25,1.0,0.026375
37.266667,1.0,0.024625
37.283333,1.0,0.023625
37.3,1.0,0.02175
37.316667,1.0,0.020875
37.333333,1.0,0.02025
37.35,1.0,0.0195
37.366667,1.0,0.01825
37.383333,1.0,0.016875
37.4,1.0,0.016
37.416667,1.0,0.015
37.433333,1.0,0.014125
37.45,1.0,0.013375
37.466667,1.0,0.012875
37.483333,1.0,0.01275
37.5,1.0,0.012375
37.516667,1.0,0.012375
37.533333,1.0,0.011875
37.55,1.0,0.011625
37.566667,1.0,0.0115
37.583333,1.0,0.011375
37.6,1.0,0.011125
37.616667,1.0,0.010875
37.633333,1.0,0.010625
37.65,1.0,0.010625
37.666667,1.0,0.010375
37.683333,1.0,0.010625
37.7,1.0,0.010375
37.716667,1.0,0.0105
37.733333,1.0,0.01025
37.75,1.0,0.01
37.766667,1.0,0.01025
37.783333,1.0,0.0105
37.8,1.0,0.010125
37.816667,1.0,0.009625
37.833333,1.0,0.009625
37.85,1.0,0.0095
37.866667,1.0,0.00925
37.883333,1.0,0.008875
37.9,1.0,0.009
37.916667,1.0,0.0095
37.933333,1.0,0.00925
37.95,1.0,0.009375
37.966667,1.0,0.00875
37.983333,1.0,0.009125
38.0,1.0,0.009
38.016667,1.0,0.00925
38.033333,1.0,0.01
38.05,1.0,0.010875
38.066667,1.0,0.011375
38.083333,1.0,0.01175
38.1,1.0,0.012125
38.116667,1.0,0.012375
38.133333,1.0,0.0125
38.15,1.0,0.013
38.166667,1.0,0.0135
38.183333,1.0,0.01325
38.2,1.0,0.0135
38.216667,1.0,0.015
38.233333,1.0,0.015375
38.25,1.0,0.015625
38.266667,1.0,0.016625
38.283333,1.0,0.017625
38.3,1.0,0.01825
38.316667,1.0,0.01875
38.333333,1.0,0.019125
38.35,1.0,0.0195
38.366667,1.0,0.019625
38.383333,1.0,0.020375
38.4,1.0,0.020375
38.416667,1.0,0.021
38.433333,1.0,0.021375
38.45,1.0,0.021625
38.466667,1.0,0.02175
38.483333,1.0,0.022
38.5,1.0,0.02225
38.516667,1.0,0.022875
38.533333,1.0,0.022875
38.55,1.0,0.023
38.566667,1.0,0.023
38.583333,1.0,0.023625
38.6,1.0,0.02325
38.616667,1.0,0.023875
38.633333,1.0,0.024
38.65,1.0,0.02375
38.666667,1.0,0.024125
38.683333,1.0,0.0245
38.7,1.0,0.024375
38.716667,1.0,0.024125
38.733333,1.0,0.02425
38.75,1.0,0.024375
38.766667,1.0,0.024375
38.783333,1.0,0.024
38.8,1.0,0.024125
38.816667,1.0,0.024125
38.833333,1.0,0.02375
38.85,1.0,0.02275
38.866667,1.0,0.022125
38.883333,1.0,0.021625
38.9,1.0,0.021
38.916667,1.0,0.0205
38.933333,1.0,0.019875
38.95,1.0,0.019125
38.966667,1.0,0.018125
38.983333,1.0,0.017875
39.0,1.0,0.0175
39.016667,1.0,0.01675
39.033333,1.0,0.016375
39.05,1.0,0.016125
39.066667,1.0,0.01575
39.083333,1.0,0.016
39.1,1.0,0.0155
39.116667,1.0,0.014875
39.133333,1.0,0.0145
39.15,1.0,0.013375
39.166667,1.0,0.012875
39.183333,1.0,0.0125
39.2,1.0,0.012375
39.216667,1.0,0.011875
39.233333,1.0,0.012125
39.25,1.0,0.0115
39.266667,1.0,0.011875
39.283333,1.0,0.012
39.3,1.0,0.012875
39.316667,1.0,0.01225
39.333333,1.0,0.012
39.35,1.0,0.01225
39.366667,1.0,0.0125
39.383333,1.0,0.012875
39.4,1.0,0.013875
39.416667,1.0,0.014375
39.433333,1.0,0.014
39.45,1.0,0.0145
39.466667,1.0,0.014625
39.483333,1.0,0.01525
39.5,1.0,0.016
39.516667,1.0,0.0165
39.533333,1.0,0.017125
39.55,1.0,0.017125
39.566667,1.0,0.01725
39.583333,1.0,0.0175
39.6,1.0,0.017375
39.616667,1.0,0.018
39.633333,1.0,0.018375
39.65,1.0,0.01925
39.666667,1.0,0.01975
39.683333,1.0,0.020625
39.7,1.0,0.02075
39.716667,1.0,0.02075
39.733333,1.0,0.0205
39.75,1.0,0.020625
39.766667,1.0,0.020875
39.783333,1.0,0.02125
39.8,1.0,0.02175
39.816667,1.0,0.022375
39.833333,1.0,0.023125
39.85,1.0,0.024125
39.866667,1.0,0.024875
39.883333,1.0,0.025875
39.9,1.0,0.026
39.916667,1.0,0.026125
39.933333,1.0,0.026625
39.95,1.0,0.027125
39.966667,1.0,0.0275
39.983333,1.0,0.028
40.0,1.0,0.028
